Entity,Code,Year,Marine protected areas (% of territorial waters)
Albania,ALB,2013,1.4
Albania,ALB,2014,1
Albania,ALB,2015,1
Albania,ALB,2016,2.7
Albania,ALB,2017,2.7
Albania,ALB,2018,2.7
Albania,ALB,2019,2.8
Albania,ALB,2020,2.8
Albania,ALB,2021,2.8
Albania,ALB,2022,2.8
Albania,ALB,2023,2.8
Albania,ALB,2024,3.4
Algeria,DZA,2013,0.1
Algeria,DZA,2014,0.3
Algeria,DZA,2015,0.1
Algeria,DZA,2016,0.1
Algeria,DZA,2017,0.1
Algeria,DZA,2018,0.1
Algeria,DZA,2019,0.1
Algeria,DZA,2020,0.1
Algeria,DZA,2021,0.1
Algeria,DZA,2022,0.1
Algeria,DZA,2023,0.1
Algeria,DZA,2024,0.1
American Samoa,ASM,2013,8.6
American Samoa,ASM,2014,8.7
American Samoa,ASM,2015,8.7
American Samoa,ASM,2016,8.7
American Samoa,ASM,2017,8.7
American Samoa,ASM,2018,8.7
American Samoa,ASM,2019,8.7
American Samoa,ASM,2020,0
American Samoa,ASM,2021,8.7
American Samoa,ASM,2022,8.7
American Samoa,ASM,2023,8.7
American Samoa,ASM,2024,8.7
Angola,AGO,2013,0
Angola,AGO,2014,0
Angola,AGO,2015,0
Angola,AGO,2016,0
Angola,AGO,2017,0
Angola,AGO,2018,0
Angola,AGO,2019,0
Angola,AGO,2020,0
Angola,AGO,2021,0
Angola,AGO,2022,0
Angola,AGO,2023,0
Angola,AGO,2024,0
Antigua and Barbuda,ATG,2013,0.1
Antigua and Barbuda,ATG,2014,0.2
Antigua and Barbuda,ATG,2015,0.2
Antigua and Barbuda,ATG,2016,0.2
Antigua and Barbuda,ATG,2017,0.2
Antigua and Barbuda,ATG,2018,0.2
Antigua and Barbuda,ATG,2019,0.2
Antigua and Barbuda,ATG,2020,0.3
Antigua and Barbuda,ATG,2021,0.3
Antigua and Barbuda,ATG,2022,0.3
Antigua and Barbuda,ATG,2023,0.3
Antigua and Barbuda,ATG,2024,0.7
Argentina,ARG,2013,0.3
Argentina,ARG,2014,3.8
Argentina,ARG,2015,4
Argentina,ARG,2016,4
Argentina,ARG,2017,4
Argentina,ARG,2018,3.8
Argentina,ARG,2019,11.8
Argentina,ARG,2020,11.8
Argentina,ARG,2021,11.8
Argentina,ARG,2022,11.8
Argentina,ARG,2023,11.8
Argentina,ARG,2024,12
Aruba,ABW,2013,0
Aruba,ABW,2014,0
Aruba,ABW,2015,0
Aruba,ABW,2016,0
Aruba,ABW,2017,0
Aruba,ABW,2018,0
Aruba,ABW,2019,0
Aruba,ABW,2020,0
Aruba,ABW,2021,0
Aruba,ABW,2022,0
Aruba,ABW,2023,0
Aruba,ABW,2024,0
Australia,AUS,2013,43.9
Australia,AUS,2014,44
Australia,AUS,2015,43.2
Australia,AUS,2016,40.7
Australia,AUS,2017,40.6
Australia,AUS,2018,40.6
Australia,AUS,2019,40.8
Australia,AUS,2020,40.8
Australia,AUS,2021,44.3
Australia,AUS,2022,44.3
Australia,AUS,2023,44.3
Australia,AUS,2024,45.4
Azerbaijan,AZE,2013,0.4
Azerbaijan,AZE,2014,0.4
Azerbaijan,AZE,2015,0.4
Azerbaijan,AZE,2016,0.4
Azerbaijan,AZE,2017,0.4
Azerbaijan,AZE,2018,0.4
Azerbaijan,AZE,2019,0.4
Azerbaijan,AZE,2020,0.4
Azerbaijan,AZE,2021,0.4
Azerbaijan,AZE,2022,0.4
Azerbaijan,AZE,2023,0.4
Azerbaijan,AZE,2024,1
Bahamas,BHS,2013,0.2
Bahamas,BHS,2014,0.2
Bahamas,BHS,2015,0.6
Bahamas,BHS,2016,0.6
Bahamas,BHS,2017,7.9
Bahamas,BHS,2018,7.9
Bahamas,BHS,2019,7.9
Bahamas,BHS,2020,7.9
Bahamas,BHS,2021,7.9
Bahamas,BHS,2022,7.9
Bahamas,BHS,2023,7.9
Bahamas,BHS,2024,7.7
Bahrain,BHR,2013,6.4
Bahrain,BHR,2014,6.4
Bahrain,BHR,2015,1.2
Bahrain,BHR,2016,1.2
Bahrain,BHR,2017,1.2
Bahrain,BHR,2018,1.2
Bahrain,BHR,2019,1.2
Bahrain,BHR,2020,1.2
Bahrain,BHR,2021,1.2
Bahrain,BHR,2022,21.1
Bahrain,BHR,2023,21.1
Bahrain,BHR,2024,21.4
Bangladesh,BGD,2013,1.4
Bangladesh,BGD,2014,5.4
Bangladesh,BGD,2015,5.4
Bangladesh,BGD,2016,5.4
Bangladesh,BGD,2017,5.4
Bangladesh,BGD,2018,5.4
Bangladesh,BGD,2019,5.4
Bangladesh,BGD,2020,5.4
Bangladesh,BGD,2021,5.4
Bangladesh,BGD,2022,5.4
Bangladesh,BGD,2023,8
Bangladesh,BGD,2024,8
Barbados,BRB,2013,0
Barbados,BRB,2014,0
Barbados,BRB,2015,0
Barbados,BRB,2016,0
Barbados,BRB,2017,0
Barbados,BRB,2018,0
Barbados,BRB,2019,0
Barbados,BRB,2020,0
Barbados,BRB,2021,0
Barbados,BRB,2022,0
Barbados,BRB,2023,0
Barbados,BRB,2024,0
Belgium,BEL,2013,36.7
Belgium,BEL,2014,36.6
Belgium,BEL,2015,36.6
Belgium,BEL,2016,36.7
Belgium,BEL,2017,36.6
Belgium,BEL,2018,36.7
Belgium,BEL,2019,36.7
Belgium,BEL,2020,36.7
Belgium,BEL,2021,38.1
Belgium,BEL,2022,38.1
Belgium,BEL,2023,38.1
Belgium,BEL,2024,38.3
Belize,BLZ,2013,6.9
Belize,BLZ,2014,10.1
Belize,BLZ,2015,10.1
Belize,BLZ,2016,10.1
Belize,BLZ,2017,10.1
Belize,BLZ,2018,10.1
Belize,BLZ,2019,10.1
Belize,BLZ,2020,11
Belize,BLZ,2021,11
Belize,BLZ,2022,11
Belize,BLZ,2023,11
Belize,BLZ,2024,20.4
Benin,BEN,2013,0
Benin,BEN,2014,0
Benin,BEN,2015,0
Benin,BEN,2016,0
Benin,BEN,2017,0
Benin,BEN,2018,0
Benin,BEN,2019,0
Benin,BEN,2020,0
Benin,BEN,2021,0
Benin,BEN,2022,0
Benin,BEN,2023,0
Benin,BEN,2024,0
Bermuda,BMU,2013,0
Bermuda,BMU,2014,0
Bermuda,BMU,2015,0
Bermuda,BMU,2016,0
Bermuda,BMU,2017,0
Bermuda,BMU,2018,0
Bermuda,BMU,2019,0
Bermuda,BMU,2020,0
Bermuda,BMU,2021,0
Bermuda,BMU,2022,0
Bermuda,BMU,2023,0
Bermuda,BMU,2024,0
Bosnia and Herzegovina,BIH,2013,0
Bosnia and Herzegovina,BIH,2014,0
Bosnia and Herzegovina,BIH,2015,0
Bosnia and Herzegovina,BIH,2016,0
Bosnia and Herzegovina,BIH,2017,0
Bosnia and Herzegovina,BIH,2018,0
Bosnia and Herzegovina,BIH,2019,0
Bosnia and Herzegovina,BIH,2020,0
Bosnia and Herzegovina,BIH,2021,0
Bosnia and Herzegovina,BIH,2022,0
Bosnia and Herzegovina,BIH,2023,0
Bosnia and Herzegovina,BIH,2024,0
Brazil,BRA,2013,1.3
Brazil,BRA,2014,1.6
Brazil,BRA,2015,1.6
Brazil,BRA,2016,1.7
Brazil,BRA,2017,1.7
Brazil,BRA,2018,26.6
Brazil,BRA,2019,26.8
Brazil,BRA,2020,26.8
Brazil,BRA,2021,26.8
Brazil,BRA,2022,26.8
Brazil,BRA,2023,26.8
Brazil,BRA,2024,26.6
British Virgin Islands,VGB,2013,0.1
British Virgin Islands,VGB,2014,0.1
British Virgin Islands,VGB,2015,0.1
British Virgin Islands,VGB,2016,0.1
British Virgin Islands,VGB,2017,0
British Virgin Islands,VGB,2018,0
British Virgin Islands,VGB,2019,0
British Virgin Islands,VGB,2020,0
British Virgin Islands,VGB,2021,0
British Virgin Islands,VGB,2022,0
British Virgin Islands,VGB,2023,0
British Virgin Islands,VGB,2024,0
Brunei,BRN,2013,0.2
Brunei,BRN,2014,0.2
Brunei,BRN,2015,0.2
Brunei,BRN,2016,0.2
Brunei,BRN,2017,0.2
Brunei,BRN,2018,0.2
Brunei,BRN,2019,0.2
Brunei,BRN,2020,0.2
Brunei,BRN,2021,0.2
Brunei,BRN,2022,0.2
Brunei,BRN,2023,0.2
Brunei,BRN,2024,0
Bulgaria,BGR,2013,2.9
Bulgaria,BGR,2014,2.9
Bulgaria,BGR,2015,8.1
Bulgaria,BGR,2016,8.1
Bulgaria,BGR,2017,8.1
Bulgaria,BGR,2018,8.1
Bulgaria,BGR,2019,8.1
Bulgaria,BGR,2020,8.1
Bulgaria,BGR,2021,8.1
Bulgaria,BGR,2022,8.1
Bulgaria,BGR,2023,8.1
Bulgaria,BGR,2024,8.2
Cambodia,KHM,2013,0.2
Cambodia,KHM,2014,0.2
Cambodia,KHM,2015,0.2
Cambodia,KHM,2016,0.2
Cambodia,KHM,2017,0.2
Cambodia,KHM,2018,0.2
Cambodia,KHM,2019,0.2
Cambodia,KHM,2020,1.4
Cambodia,KHM,2021,1.4
Cambodia,KHM,2022,1.4
Cambodia,KHM,2023,1.4
Cambodia,KHM,2024,1.5
Cameroon,CMR,2013,3.9
Cameroon,CMR,2014,3.9
Cameroon,CMR,2015,3.9
Cameroon,CMR,2016,3.4
Cameroon,CMR,2017,3.4
Cameroon,CMR,2018,3.4
Cameroon,CMR,2019,11.5
Cameroon,CMR,2020,10.9
Cameroon,CMR,2021,10.9
Cameroon,CMR,2022,10.9
Cameroon,CMR,2023,10.9
Cameroon,CMR,2024,11.4
Canada,CAN,2013,0.8
Canada,CAN,2014,0.8
Canada,CAN,2015,0.9
Canada,CAN,2016,0.9
Canada,CAN,2017,0.9
Canada,CAN,2018,2.9
Canada,CAN,2019,3.1
Canada,CAN,2020,8.8
Canada,CAN,2021,8.9
Canada,CAN,2022,9.1
Canada,CAN,2023,9.1
Canada,CAN,2024,9.2
Cape Verde,CPV,2013,0
Cape Verde,CPV,2014,0
Cape Verde,CPV,2015,0
Cape Verde,CPV,2016,0
Cape Verde,CPV,2017,0
Cape Verde,CPV,2018,0
Cape Verde,CPV,2019,0
Cape Verde,CPV,2020,0
Cape Verde,CPV,2021,0
Cape Verde,CPV,2022,0
Cape Verde,CPV,2023,0
Cape Verde,CPV,2024,0.1
Cayman Islands,CYM,2013,0.1
Cayman Islands,CYM,2014,0.1
Cayman Islands,CYM,2015,0.1
Cayman Islands,CYM,2016,0.1
Cayman Islands,CYM,2017,0.1
Cayman Islands,CYM,2018,0.1
Cayman Islands,CYM,2019,0.1
Cayman Islands,CYM,2020,0.1
Cayman Islands,CYM,2021,0.1
Cayman Islands,CYM,2022,0.1
Cayman Islands,CYM,2023,0.1
Cayman Islands,CYM,2024,0.1
Chile,CHL,2013,4.4
Chile,CHL,2014,4.4
Chile,CHL,2015,4.4
Chile,CHL,2016,12.6
Chile,CHL,2017,12.9
Chile,CHL,2018,28.8
Chile,CHL,2019,41.2
Chile,CHL,2020,41.3
Chile,CHL,2021,41.3
Chile,CHL,2022,41.4
Chile,CHL,2023,41.4
Chile,CHL,2024,41.2
China,CHN,2013,3.4
China,CHN,2014,3.7
China,CHN,2015,3.7
China,CHN,2016,3.8
China,CHN,2017,3.8
China,CHN,2018,5.4
China,CHN,2019,5.4
China,CHN,2020,5.5
China,CHN,2021,5.5
China,CHN,2022,5.5
China,CHN,2023,5.5
China,CHN,2024,4.8
Colombia,COL,2013,10.2
Colombia,COL,2014,10.2
Colombia,COL,2015,2.1
Colombia,COL,2016,2.1
Colombia,COL,2017,10.4
Colombia,COL,2018,17.1
Colombia,COL,2019,17.1
Colombia,COL,2020,17.2
Colombia,COL,2021,17.2
Colombia,COL,2022,17.1
Colombia,COL,2023,17.1
Colombia,COL,2024,41.1
Comoros,COM,2013,0.2
Comoros,COM,2014,0
Comoros,COM,2015,0
Comoros,COM,2016,0
Comoros,COM,2017,0
Comoros,COM,2018,0
Comoros,COM,2019,0
Comoros,COM,2020,0.4
Comoros,COM,2021,0.4
Comoros,COM,2022,0.4
Comoros,COM,2023,0.4
Comoros,COM,2024,0.4
Congo,COG,2013,3.2
Congo,COG,2014,3.2
Congo,COG,2015,3.2
Congo,COG,2016,3.2
Congo,COG,2017,3.2
Congo,COG,2018,3.2
Congo,COG,2019,3.2
Congo,COG,2020,3
Congo,COG,2021,3
Congo,COG,2022,3
Congo,COG,2023,3
Congo,COG,2024,3.5
Costa Rica,CRI,2013,0.8
Costa Rica,CRI,2014,0.8
Costa Rica,CRI,2015,0.8
Costa Rica,CRI,2016,0.8
Costa Rica,CRI,2017,0.8
Costa Rica,CRI,2018,0.8
Costa Rica,CRI,2019,2.6
Costa Rica,CRI,2020,2.7
Costa Rica,CRI,2021,2.7
Costa Rica,CRI,2022,29
Costa Rica,CRI,2023,29
Costa Rica,CRI,2024,28.4
Cote d'Ivoire,CIV,2013,0.1
Cote d'Ivoire,CIV,2014,0.1
Cote d'Ivoire,CIV,2015,0.1
Cote d'Ivoire,CIV,2016,0.1
Cote d'Ivoire,CIV,2017,0.1
Cote d'Ivoire,CIV,2018,0.1
Cote d'Ivoire,CIV,2019,0.1
Cote d'Ivoire,CIV,2020,0.1
Cote d'Ivoire,CIV,2021,0.1
Cote d'Ivoire,CIV,2022,0.1
Cote d'Ivoire,CIV,2023,0.1
Cote d'Ivoire,CIV,2024,0.1
Croatia,HRV,2013,2
Croatia,HRV,2014,9.1
Croatia,HRV,2015,9.1
Croatia,HRV,2016,8.5
Croatia,HRV,2017,8.5
Croatia,HRV,2018,8.5
Croatia,HRV,2019,8.5
Croatia,HRV,2020,9
Croatia,HRV,2021,9
Croatia,HRV,2022,9
Croatia,HRV,2023,9
Croatia,HRV,2024,9.3
Cuba,CUB,2013,2.6
Cuba,CUB,2014,2.6
Cuba,CUB,2015,2.6
Cuba,CUB,2016,4.3
Cuba,CUB,2017,4.3
Cuba,CUB,2018,4.3
Cuba,CUB,2019,3.9
Cuba,CUB,2020,3.9
Cuba,CUB,2021,3.9
Cuba,CUB,2022,3.9
Cuba,CUB,2023,3.9
Cuba,CUB,2024,4.2
Curacao,CUW,2013,0
Curacao,CUW,2014,0
Curacao,CUW,2015,0
Curacao,CUW,2016,0
Curacao,CUW,2017,0
Curacao,CUW,2018,0
Curacao,CUW,2019,0
Curacao,CUW,2020,0
Curacao,CUW,2021,0
Curacao,CUW,2022,0
Curacao,CUW,2023,0
Curacao,CUW,2024,0
Cyprus,CYP,2013,0.2
Cyprus,CYP,2014,0.1
Cyprus,CYP,2015,0.1
Cyprus,CYP,2016,0.1
Cyprus,CYP,2017,0.1
Cyprus,CYP,2018,0.1
Cyprus,CYP,2019,0.1
Cyprus,CYP,2020,8.6
Cyprus,CYP,2021,8.6
Cyprus,CYP,2022,8.6
Cyprus,CYP,2023,8.6
Cyprus,CYP,2024,8.6
Democratic Republic of Congo,COD,2013,0.2
Democratic Republic of Congo,COD,2014,0.2
Democratic Republic of Congo,COD,2015,0.2
Democratic Republic of Congo,COD,2016,0.2
Democratic Republic of Congo,COD,2017,0.2
Democratic Republic of Congo,COD,2018,0.2
Democratic Republic of Congo,COD,2019,0.2
Democratic Republic of Congo,COD,2020,0.2
Democratic Republic of Congo,COD,2021,0.2
Democratic Republic of Congo,COD,2022,0.2
Democratic Republic of Congo,COD,2023,0.2
Democratic Republic of Congo,COD,2024,0.5
Denmark,DNK,2013,17.6
Denmark,DNK,2014,18.2
Denmark,DNK,2015,18.2
Denmark,DNK,2016,17.8
Denmark,DNK,2017,18.2
Denmark,DNK,2018,17.8
Denmark,DNK,2019,17.9
Denmark,DNK,2020,18.3
Denmark,DNK,2021,18.3
Denmark,DNK,2022,18.3
Denmark,DNK,2023,18.3
Denmark,DNK,2024,18.6
Djibouti,DJI,2013,0.3
Djibouti,DJI,2014,0.2
Djibouti,DJI,2015,0.2
Djibouti,DJI,2016,0.2
Djibouti,DJI,2017,0.2
Djibouti,DJI,2018,0.2
Djibouti,DJI,2019,0.2
Djibouti,DJI,2020,0.2
Djibouti,DJI,2021,0.2
Djibouti,DJI,2022,0.2
Djibouti,DJI,2023,0.2
Djibouti,DJI,2024,0.2
Dominica,DMA,2013,0
Dominica,DMA,2014,0
Dominica,DMA,2015,0
Dominica,DMA,2016,0.1
Dominica,DMA,2017,0.1
Dominica,DMA,2018,0.1
Dominica,DMA,2019,0
Dominica,DMA,2020,0
Dominica,DMA,2021,0
Dominica,DMA,2022,0
Dominica,DMA,2023,0
Dominica,DMA,2024,0.1
Dominican Republic,DOM,2013,9
Dominican Republic,DOM,2014,9.1
Dominican Republic,DOM,2015,9.1
Dominican Republic,DOM,2016,9.1
Dominican Republic,DOM,2017,9.1
Dominican Republic,DOM,2018,18
Dominican Republic,DOM,2019,18
Dominican Republic,DOM,2020,18
Dominican Republic,DOM,2021,18
Dominican Republic,DOM,2022,17.3
Dominican Republic,DOM,2023,17.3
Dominican Republic,DOM,2024,13.3
East Asia and Pacific (WB),WB_EAP,2013,10.700952
East Asia and Pacific (WB),WB_EAP,2014,14.482317
East Asia and Pacific (WB),WB_EAP,2015,13.344361
East Asia and Pacific (WB),WB_EAP,2016,14.597954
East Asia and Pacific (WB),WB_EAP,2017,14.5777645
East Asia and Pacific (WB),WB_EAP,2018,14.661763
East Asia and Pacific (WB),WB_EAP,2019,14.758081
East Asia and Pacific (WB),WB_EAP,2020,14.703609
East Asia and Pacific (WB),WB_EAP,2021,15.692548
East Asia and Pacific (WB),WB_EAP,2022,15.692548
East Asia and Pacific (WB),WB_EAP,2023,15.777569
East Asia and Pacific (WB),WB_EAP,2024,15.978222
East Timor,TLS,2013,1.4
East Timor,TLS,2014,1.4
East Timor,TLS,2015,1.4
East Timor,TLS,2016,1.4
East Timor,TLS,2017,1.4
East Timor,TLS,2018,1.4
East Timor,TLS,2019,1.4
East Timor,TLS,2020,1.4
East Timor,TLS,2021,1.4
East Timor,TLS,2022,1.4
East Timor,TLS,2023,1.4
East Timor,TLS,2024,0.7
Ecuador,ECU,2013,13
Ecuador,ECU,2014,13
Ecuador,ECU,2015,13.1
Ecuador,ECU,2016,13.1
Ecuador,ECU,2017,13.1
Ecuador,ECU,2018,13.3
Ecuador,ECU,2019,13.3
Ecuador,ECU,2020,13.3
Ecuador,ECU,2021,13.3
Ecuador,ECU,2022,19.1
Ecuador,ECU,2023,19.1
Ecuador,ECU,2024,19.3
Egypt,EGY,2013,5
Egypt,EGY,2014,5
Egypt,EGY,2015,5
Egypt,EGY,2016,5
Egypt,EGY,2017,5
Egypt,EGY,2018,5
Egypt,EGY,2019,5
Egypt,EGY,2020,5
Egypt,EGY,2021,5
Egypt,EGY,2022,5
Egypt,EGY,2023,5
Egypt,EGY,2024,4.6
El Salvador,SLV,2013,0.7
El Salvador,SLV,2014,0.7
El Salvador,SLV,2015,0.7
El Salvador,SLV,2016,0.7
El Salvador,SLV,2017,0.7
El Salvador,SLV,2018,0.7
El Salvador,SLV,2019,0.7
El Salvador,SLV,2020,0.7
El Salvador,SLV,2021,0.7
El Salvador,SLV,2022,0.7
El Salvador,SLV,2023,0.7
El Salvador,SLV,2024,0.8
Equatorial Guinea,GNQ,2013,0.2
Equatorial Guinea,GNQ,2014,0.2
Equatorial Guinea,GNQ,2015,0.2
Equatorial Guinea,GNQ,2016,0.2
Equatorial Guinea,GNQ,2017,0.2
Equatorial Guinea,GNQ,2018,0.2
Equatorial Guinea,GNQ,2019,0.2
Equatorial Guinea,GNQ,2020,0.2
Equatorial Guinea,GNQ,2021,0.2
Equatorial Guinea,GNQ,2022,0.2
Equatorial Guinea,GNQ,2023,0.2
Equatorial Guinea,GNQ,2024,0.3
Eritrea,ERI,2013,0
Eritrea,ERI,2014,0
Eritrea,ERI,2015,0
Eritrea,ERI,2016,0
Eritrea,ERI,2017,0
Eritrea,ERI,2018,0
Eritrea,ERI,2019,0
Eritrea,ERI,2020,0
Eritrea,ERI,2021,0
Eritrea,ERI,2022,0
Eritrea,ERI,2023,0
Eritrea,ERI,2024,0
Estonia,EST,2013,18.6
Estonia,EST,2014,18.6
Estonia,EST,2015,18.6
Estonia,EST,2016,18.6
Estonia,EST,2017,18.6
Estonia,EST,2018,18.6
Estonia,EST,2019,18.6
Estonia,EST,2020,18.8
Estonia,EST,2021,18.8
Estonia,EST,2022,18.8
Estonia,EST,2023,18.8
Estonia,EST,2024,19.3
Europe and Central Asia (WB),WB_ECA,2013,4.0011363
Europe and Central Asia (WB),WB_ECA,2014,4.3759236
Europe and Central Asia (WB),WB_ECA,2015,4.5632663
Europe and Central Asia (WB),WB_ECA,2016,5.3769617
Europe and Central Asia (WB),WB_ECA,2017,6.5745554
Europe and Central Asia (WB),WB_ECA,2018,6.949066
Europe and Central Asia (WB),WB_ECA,2019,7.2746406
Europe and Central Asia (WB),WB_ECA,2020,8.004872
Europe and Central Asia (WB),WB_ECA,2021,8.502832
Europe and Central Asia (WB),WB_ECA,2022,8.507315
Europe and Central Asia (WB),WB_ECA,2023,8.089661
Europe and Central Asia (WB),WB_ECA,2024,8.281324
European Union (27),OWID_EU27,2013,6.445221
European Union (27),OWID_EU27,2014,6.4674463
European Union (27),OWID_EU27,2015,7.6562514
European Union (27),OWID_EU27,2016,9.272272
European Union (27),OWID_EU27,2017,12.413022
European Union (27),OWID_EU27,2018,13.725801
European Union (27),OWID_EU27,2019,14.82598
European Union (27),OWID_EU27,2020,15.259986
European Union (27),OWID_EU27,2021,15.325377
European Union (27),OWID_EU27,2022,15.357484
European Union (27),OWID_EU27,2023,15.357484
European Union (27),OWID_EU27,2024,15.462883
Faroe Islands,FRO,2013,0
Faroe Islands,FRO,2014,0
Faroe Islands,FRO,2015,0
Faroe Islands,FRO,2016,0
Faroe Islands,FRO,2017,0
Faroe Islands,FRO,2018,0
Faroe Islands,FRO,2019,0
Faroe Islands,FRO,2020,0
Faroe Islands,FRO,2021,0
Faroe Islands,FRO,2022,0
Faroe Islands,FRO,2023,0
Faroe Islands,FRO,2024,0
Fiji,FJI,2013,0.9
Fiji,FJI,2014,0.9
Fiji,FJI,2015,0.9
Fiji,FJI,2016,0.9
Fiji,FJI,2017,0.9
Fiji,FJI,2018,0.9
Fiji,FJI,2019,0.9
Fiji,FJI,2020,0.9
Fiji,FJI,2021,0.9
Fiji,FJI,2022,0.9
Fiji,FJI,2023,0.9
Fiji,FJI,2024,0.9
Finland,FIN,2013,9.7
Finland,FIN,2014,11
Finland,FIN,2015,11
Finland,FIN,2016,11.1
Finland,FIN,2017,10.5
Finland,FIN,2018,10.5
Finland,FIN,2019,12.1
Finland,FIN,2020,12
Finland,FIN,2021,12
Finland,FIN,2022,12
Finland,FIN,2023,12
Finland,FIN,2024,11.8
France,FRA,2013,20.4
France,FRA,2014,19.8
France,FRA,2015,19.2
France,FRA,2016,26.2
France,FRA,2017,30.7
France,FRA,2018,45
France,FRA,2019,48.9
France,FRA,2020,50.4
France,FRA,2021,49.8
France,FRA,2022,49.8
France,FRA,2023,49.8
France,FRA,2024,49.8
French Polynesia,PYF,2013,0
French Polynesia,PYF,2014,0
French Polynesia,PYF,2015,0
French Polynesia,PYF,2016,0
French Polynesia,PYF,2017,0
French Polynesia,PYF,2018,0
French Polynesia,PYF,2019,0
French Polynesia,PYF,2020,0
French Polynesia,PYF,2021,0
French Polynesia,PYF,2022,0
French Polynesia,PYF,2023,0
French Polynesia,PYF,2024,0
Gabon,GAB,2013,0.9
Gabon,GAB,2014,1
Gabon,GAB,2015,1
Gabon,GAB,2016,1
Gabon,GAB,2017,28.8
Gabon,GAB,2018,28.8
Gabon,GAB,2019,28.8
Gabon,GAB,2020,28.8
Gabon,GAB,2021,28.8
Gabon,GAB,2022,28.8
Gabon,GAB,2023,28.8
Gabon,GAB,2024,26.9
Gambia,GMB,2013,0.1
Gambia,GMB,2014,0.1
Gambia,GMB,2015,0.1
Gambia,GMB,2016,0.1
Gambia,GMB,2017,0.1
Gambia,GMB,2018,0.1
Gambia,GMB,2019,0.1
Gambia,GMB,2020,0.6
Gambia,GMB,2021,0.6
Gambia,GMB,2022,0.6
Gambia,GMB,2023,0.6
Gambia,GMB,2024,0.6
Georgia,GEO,2013,0.7
Georgia,GEO,2014,0.7
Georgia,GEO,2015,0.7
Georgia,GEO,2016,0.7
Georgia,GEO,2017,0.7
Georgia,GEO,2018,0.7
Georgia,GEO,2019,0.7
Georgia,GEO,2020,0.7
Georgia,GEO,2021,0.7
Georgia,GEO,2022,0.7
Georgia,GEO,2023,0.7
Georgia,GEO,2024,0.8
Germany,DEU,2013,45.5
Germany,DEU,2014,45.3
Germany,DEU,2015,45.3
Germany,DEU,2016,45.4
Germany,DEU,2017,45.4
Germany,DEU,2018,45.4
Germany,DEU,2019,45.4
Germany,DEU,2020,45.4
Germany,DEU,2021,45.5
Germany,DEU,2022,45.5
Germany,DEU,2023,45.5
Germany,DEU,2024,45.4
Ghana,GHA,2013,0.1
Ghana,GHA,2014,0.1
Ghana,GHA,2015,0.1
Ghana,GHA,2016,0.1
Ghana,GHA,2017,0.1
Ghana,GHA,2018,0.1
Ghana,GHA,2019,0.1
Ghana,GHA,2020,0.1
Ghana,GHA,2021,0.1
Ghana,GHA,2022,0.1
Ghana,GHA,2023,0.1
Ghana,GHA,2024,0.1
Gibraltar,GIB,2013,0
Gibraltar,GIB,2014,12.8
Gibraltar,GIB,2015,12.8
Gibraltar,GIB,2016,12.8
Gibraltar,GIB,2017,12.8
Gibraltar,GIB,2018,12.8
Gibraltar,GIB,2019,12.8
Gibraltar,GIB,2020,0
Gibraltar,GIB,2021,0
Gibraltar,GIB,2022,0
Gibraltar,GIB,2023,0
Gibraltar,GIB,2024,0
Greece,GRC,2013,1.5
Greece,GRC,2014,1.5
Greece,GRC,2015,1.5
Greece,GRC,2016,1.5
Greece,GRC,2017,1.5
Greece,GRC,2018,4.5
Greece,GRC,2019,4.5
Greece,GRC,2020,4.5
Greece,GRC,2021,4.5
Greece,GRC,2022,4.5
Greece,GRC,2023,4.5
Greece,GRC,2024,4.7
Greenland,GRL,2013,4.5
Greenland,GRL,2014,4.5
Greenland,GRL,2015,4.5
Greenland,GRL,2016,4.5
Greenland,GRL,2017,4.5
Greenland,GRL,2018,4.5
Greenland,GRL,2019,4.5
Greenland,GRL,2020,4.5
Greenland,GRL,2021,4.5
Greenland,GRL,2022,4.5
Greenland,GRL,2023,4.5
Greenland,GRL,2024,4.2
Grenada,GRD,2013,0
Grenada,GRD,2014,0
Grenada,GRD,2015,0
Grenada,GRD,2016,0
Grenada,GRD,2017,0
Grenada,GRD,2018,0.1
Grenada,GRD,2019,0.1
Grenada,GRD,2020,0.1
Grenada,GRD,2021,0.1
Grenada,GRD,2022,0.1
Grenada,GRD,2023,0.1
Grenada,GRD,2024,0.1
Guam,GUM,2013,0.1
Guam,GUM,2014,0
Guam,GUM,2015,0
Guam,GUM,2016,0
Guam,GUM,2017,0
Guam,GUM,2018,0
Guam,GUM,2019,0
Guam,GUM,2020,0
Guam,GUM,2021,0
Guam,GUM,2022,0
Guam,GUM,2023,0
Guam,GUM,2024,0
Guatemala,GTM,2013,0.8
Guatemala,GTM,2014,0.8
Guatemala,GTM,2015,0.8
Guatemala,GTM,2016,0.8
Guatemala,GTM,2017,0.8
Guatemala,GTM,2018,0.9
Guatemala,GTM,2019,0.9
Guatemala,GTM,2020,0.8
Guatemala,GTM,2021,0.8
Guatemala,GTM,2022,0.8
Guatemala,GTM,2023,0.8
Guatemala,GTM,2024,0.9
Guinea,GIN,2013,0.5
Guinea,GIN,2014,0.5
Guinea,GIN,2015,0.5
Guinea,GIN,2016,0.5
Guinea,GIN,2017,0.5
Guinea,GIN,2018,0.5
Guinea,GIN,2019,0.5
Guinea,GIN,2020,0.5
Guinea,GIN,2021,0.5
Guinea,GIN,2022,0.5
Guinea,GIN,2023,0.5
Guinea,GIN,2024,0.6
Guinea-Bissau,GNB,2013,8.5
Guinea-Bissau,GNB,2014,8.5
Guinea-Bissau,GNB,2015,10
Guinea-Bissau,GNB,2016,10
Guinea-Bissau,GNB,2017,10
Guinea-Bissau,GNB,2018,10
Guinea-Bissau,GNB,2019,10
Guinea-Bissau,GNB,2020,9
Guinea-Bissau,GNB,2021,9
Guinea-Bissau,GNB,2022,9
Guinea-Bissau,GNB,2023,9
Guinea-Bissau,GNB,2024,9.1
Guyana,GUY,2013,0
Guyana,GUY,2014,0
Guyana,GUY,2015,0
Guyana,GUY,2016,0
Guyana,GUY,2017,0
Guyana,GUY,2018,0
Guyana,GUY,2019,0
Guyana,GUY,2020,0
Guyana,GUY,2021,0
Guyana,GUY,2022,0
Guyana,GUY,2023,0
Guyana,GUY,2024,0.1
Haiti,HTI,2013,0
Haiti,HTI,2014,0
Haiti,HTI,2015,0
Haiti,HTI,2016,0
Haiti,HTI,2017,0
Haiti,HTI,2018,0
Haiti,HTI,2019,1.5
Haiti,HTI,2020,1.5
Haiti,HTI,2021,1.5
Haiti,HTI,2022,1.5
Haiti,HTI,2023,1.5
Haiti,HTI,2024,1.8
High-income countries,OWID_HIC,2013,10.457944
High-income countries,OWID_HIC,2014,13.196821
High-income countries,OWID_HIC,2015,14.599163
High-income countries,OWID_HIC,2016,18.016033
High-income countries,OWID_HIC,2017,18.41482
High-income countries,OWID_HIC,2018,19.610682
High-income countries,OWID_HIC,2019,20.827425
High-income countries,OWID_HIC,2020,21.291615
High-income countries,OWID_HIC,2021,19.819132
High-income countries,OWID_HIC,2022,20.074516
High-income countries,OWID_HIC,2023,20.0575
High-income countries,OWID_HIC,2024,20.365746
Honduras,HND,2013,0.5
Honduras,HND,2014,4.1
Honduras,HND,2015,4.1
Honduras,HND,2016,4.2
Honduras,HND,2017,4.2
Honduras,HND,2018,4.2
Honduras,HND,2019,4.2
Honduras,HND,2020,4.6
Honduras,HND,2021,4.6
Honduras,HND,2022,4.6
Honduras,HND,2023,4.6
Honduras,HND,2024,4.9
Hong Kong,HKG,2018,0
Hong Kong,HKG,2019,0
Hong Kong,HKG,2020,0
Hong Kong,HKG,2024,0
Iceland,ISL,2013,0.4
Iceland,ISL,2014,0.4
Iceland,ISL,2015,0.4
Iceland,ISL,2016,0.4
Iceland,ISL,2017,0.4
Iceland,ISL,2018,0.4
Iceland,ISL,2019,0.4
Iceland,ISL,2020,0.4
Iceland,ISL,2021,0.4
Iceland,ISL,2022,0.4
Iceland,ISL,2023,0.4
Iceland,ISL,2024,0.5
India,IND,2013,0.2
India,IND,2014,0.2
India,IND,2015,0.2
India,IND,2016,0.2
India,IND,2017,0.2
India,IND,2018,0.2
India,IND,2019,0.2
India,IND,2020,0.2
India,IND,2021,0.2
India,IND,2022,0.2
India,IND,2023,0.2
India,IND,2024,0.3
Indonesia,IDN,2013,3.3
Indonesia,IDN,2014,2.9
Indonesia,IDN,2015,2.9
Indonesia,IDN,2016,2.9
Indonesia,IDN,2017,2.9
Indonesia,IDN,2018,3.1
Indonesia,IDN,2019,3.1
Indonesia,IDN,2020,3.1
Indonesia,IDN,2021,3.1
Indonesia,IDN,2022,3.1
Indonesia,IDN,2023,3.1
Indonesia,IDN,2024,3
Iran,IRN,2013,1
Iran,IRN,2014,1
Iran,IRN,2015,1
Iran,IRN,2016,0.8
Iran,IRN,2017,0.8
Iran,IRN,2018,0.8
Iran,IRN,2019,0.8
Iran,IRN,2020,0.8
Iran,IRN,2021,0.8
Iran,IRN,2022,0.8
Iran,IRN,2023,0.8
Iran,IRN,2024,0.9
Iraq,IRQ,2013,0
Iraq,IRQ,2014,0
Iraq,IRQ,2015,0
Iraq,IRQ,2016,0
Iraq,IRQ,2017,0
Iraq,IRQ,2018,0
Iraq,IRQ,2019,0
Iraq,IRQ,2020,0
Iraq,IRQ,2021,0
Iraq,IRQ,2022,0
Iraq,IRQ,2023,0
Iraq,IRQ,2024,0.3
Ireland,IRL,2013,1.5
Ireland,IRL,2014,1.5
Ireland,IRL,2015,2.3
Ireland,IRL,2016,2.3
Ireland,IRL,2017,2.3
Ireland,IRL,2018,2.3
Ireland,IRL,2019,2.3
Ireland,IRL,2020,2.3
Ireland,IRL,2021,2.3
Ireland,IRL,2022,2.3
Ireland,IRL,2023,2.3
Ireland,IRL,2024,2.4
Isle of Man,IMN,2018,0
Isle of Man,IMN,2019,0
Isle of Man,IMN,2020,0
Isle of Man,IMN,2024,10.8
Israel,ISR,2013,0
Israel,ISR,2014,0
Israel,ISR,2015,0
Israel,ISR,2016,0
Israel,ISR,2017,0
Israel,ISR,2018,0
Israel,ISR,2019,0
Israel,ISR,2020,0
Israel,ISR,2021,0
Israel,ISR,2022,0
Israel,ISR,2023,0
Israel,ISR,2024,0.6
Italy,ITA,2013,5.5
Italy,ITA,2014,5.6
Italy,ITA,2015,5.6
Italy,ITA,2016,8.8
Italy,ITA,2017,8.8
Italy,ITA,2018,8.8
Italy,ITA,2019,8.8
Italy,ITA,2020,9.7
Italy,ITA,2021,10.6
Italy,ITA,2022,10.6
Italy,ITA,2023,10.6
Italy,ITA,2024,10.7
Jamaica,JAM,2013,0.8
Jamaica,JAM,2014,0.8
Jamaica,JAM,2015,0.8
Jamaica,JAM,2016,0.8
Jamaica,JAM,2017,0.8
Jamaica,JAM,2018,0.8
Jamaica,JAM,2019,0.8
Jamaica,JAM,2020,0.8
Jamaica,JAM,2021,0.8
Jamaica,JAM,2022,0.8
Jamaica,JAM,2023,0.8
Jamaica,JAM,2024,0.7
Japan,JPN,2013,0.5
Japan,JPN,2014,0.5
Japan,JPN,2015,0.5
Japan,JPN,2016,8.2
Japan,JPN,2017,8.2
Japan,JPN,2018,8.2
Japan,JPN,2019,8.2
Japan,JPN,2020,8.2
Japan,JPN,2021,13.9
Japan,JPN,2022,13.9
Japan,JPN,2023,13.9
Japan,JPN,2024,13.8
Jordan,JOR,2013,35.6
Jordan,JOR,2014,35.6
Jordan,JOR,2015,35.6
Jordan,JOR,2016,35.6
Jordan,JOR,2017,35.7
Jordan,JOR,2018,35.6
Jordan,JOR,2019,35.7
Jordan,JOR,2020,1
Jordan,JOR,2021,1
Jordan,JOR,2022,1
Jordan,JOR,2023,1
Jordan,JOR,2024,2.8
Kazakhstan,KAZ,2013,1
Kazakhstan,KAZ,2014,1
Kazakhstan,KAZ,2015,1
Kazakhstan,KAZ,2016,1
Kazakhstan,KAZ,2017,1
Kazakhstan,KAZ,2018,1
Kazakhstan,KAZ,2019,1
Kazakhstan,KAZ,2020,50.7
Kazakhstan,KAZ,2021,50.7
Kazakhstan,KAZ,2022,50.7
Kazakhstan,KAZ,2023,50.7
Kazakhstan,KAZ,2024,52.5
Kenya,KEN,2013,0.8
Kenya,KEN,2014,0.6
Kenya,KEN,2015,0.6
Kenya,KEN,2016,0.8
Kenya,KEN,2017,0.8
Kenya,KEN,2018,0.8
Kenya,KEN,2019,0.8
Kenya,KEN,2020,0.8
Kenya,KEN,2021,0.8
Kenya,KEN,2022,0.7
Kenya,KEN,2023,0.7
Kenya,KEN,2024,0.6
Kiribati,KIR,2013,11.8
Kiribati,KIR,2014,11.8
Kiribati,KIR,2015,11.8
Kiribati,KIR,2016,11.8
Kiribati,KIR,2017,11.8
Kiribati,KIR,2018,11.8
Kiribati,KIR,2019,11.8
Kiribati,KIR,2020,11.8
Kiribati,KIR,2021,11.8
Kiribati,KIR,2022,11.8
Kiribati,KIR,2023,11.8
Kiribati,KIR,2024,11.9
Kuwait,KWT,2013,0.1
Kuwait,KWT,2014,0.1
Kuwait,KWT,2015,0.1
Kuwait,KWT,2016,1.5
Kuwait,KWT,2017,1.5
Kuwait,KWT,2018,1.5
Kuwait,KWT,2019,1.4
Kuwait,KWT,2020,1.4
Kuwait,KWT,2021,1.4
Kuwait,KWT,2022,1.4
Kuwait,KWT,2023,3.2
Kuwait,KWT,2024,3.2
Latin America and Caribbean (WB),WB_LAC,2013,2.9364073
Latin America and Caribbean (WB),WB_LAC,2014,3.249751
Latin America and Caribbean (WB),WB_LAC,2015,2.9741879
Latin America and Caribbean (WB),WB_LAC,2016,7.912963
Latin America and Caribbean (WB),WB_LAC,2017,8.503431
Latin America and Caribbean (WB),WB_LAC,2018,16.502983
Latin America and Caribbean (WB),WB_LAC,2019,19.363726
Latin America and Caribbean (WB),WB_LAC,2020,19.588005
Latin America and Caribbean (WB),WB_LAC,2021,19.84761
Latin America and Caribbean (WB),WB_LAC,2022,21.27363
Latin America and Caribbean (WB),WB_LAC,2023,21.271206
Latin America and Caribbean (WB),WB_LAC,2024,22.23509
Latvia,LVA,2013,16.9
Latvia,LVA,2014,16.9
Latvia,LVA,2015,16.9
Latvia,LVA,2016,16
Latvia,LVA,2017,16
Latvia,LVA,2018,16
Latvia,LVA,2019,16
Latvia,LVA,2020,16
Latvia,LVA,2021,16
Latvia,LVA,2022,16
Latvia,LVA,2023,16
Latvia,LVA,2024,16.4
Lebanon,LBN,2013,0.1
Lebanon,LBN,2014,0
Lebanon,LBN,2015,0
Lebanon,LBN,2016,0.2
Lebanon,LBN,2017,0.2
Lebanon,LBN,2018,0.2
Lebanon,LBN,2019,0.2
Lebanon,LBN,2020,0.2
Lebanon,LBN,2021,0.2
Lebanon,LBN,2022,0.2
Lebanon,LBN,2023,0.2
Lebanon,LBN,2024,0.2
Liberia,LBR,2013,0.1
Liberia,LBR,2014,0.1
Liberia,LBR,2015,0.1
Liberia,LBR,2016,0.1
Liberia,LBR,2017,0.1
Liberia,LBR,2018,0.1
Liberia,LBR,2019,0.1
Liberia,LBR,2020,0.1
Liberia,LBR,2021,0.1
Liberia,LBR,2022,0.1
Liberia,LBR,2023,0.1
Liberia,LBR,2024,0.1
Libya,LBY,2013,0
Libya,LBY,2014,0.6
Libya,LBY,2015,0.6
Libya,LBY,2016,0.6
Libya,LBY,2017,0.6
Libya,LBY,2018,0.6
Libya,LBY,2019,0.6
Libya,LBY,2020,0.6
Libya,LBY,2021,0.6
Libya,LBY,2022,0.6
Libya,LBY,2023,0.6
Libya,LBY,2024,0.6
Lithuania,LTU,2013,11.1
Lithuania,LTU,2014,11.1
Lithuania,LTU,2015,16.3
Lithuania,LTU,2016,21.5
Lithuania,LTU,2017,25.6
Lithuania,LTU,2018,25.6
Lithuania,LTU,2019,25.6
Lithuania,LTU,2020,25.6
Lithuania,LTU,2021,25.6
Lithuania,LTU,2022,25.6
Lithuania,LTU,2023,25.6
Lithuania,LTU,2024,23.2
Low-income countries,OWID_LIC,2013,0.8960927
Low-income countries,OWID_LIC,2014,0.96024656
Low-income countries,OWID_LIC,2015,1.0107031
Low-income countries,OWID_LIC,2016,1.3481861
Low-income countries,OWID_LIC,2017,1.500519
Low-income countries,OWID_LIC,2018,1.4624358
Low-income countries,OWID_LIC,2019,1.1720426
Low-income countries,OWID_LIC,2020,1.194466
Low-income countries,OWID_LIC,2021,1.23914
Low-income countries,OWID_LIC,2022,1.23914
Low-income countries,OWID_LIC,2023,1.23914
Low-income countries,OWID_LIC,2024,1.3885255
Lower-middle-income countries,OWID_LMC,2013,2.3291433
Lower-middle-income countries,OWID_LMC,2014,2.38656
Lower-middle-income countries,OWID_LMC,2015,2.3855112
Lower-middle-income countries,OWID_LMC,2016,2.3922026
Lower-middle-income countries,OWID_LMC,2017,2.3990114
Lower-middle-income countries,OWID_LMC,2018,2.449581
Lower-middle-income countries,OWID_LMC,2019,2.409241
Lower-middle-income countries,OWID_LMC,2020,2.4275885
Lower-middle-income countries,OWID_LMC,2021,2.476498
Lower-middle-income countries,OWID_LMC,2022,2.4759715
Lower-middle-income countries,OWID_LMC,2023,2.486269
Lower-middle-income countries,OWID_LMC,2024,2.4942932
Madagascar,MDG,2013,0.4
Madagascar,MDG,2014,0.4
Madagascar,MDG,2015,0.4
Madagascar,MDG,2016,0.4
Madagascar,MDG,2017,0.8
Madagascar,MDG,2018,0.7
Madagascar,MDG,2019,0.7
Madagascar,MDG,2020,0.9
Madagascar,MDG,2021,0.9
Madagascar,MDG,2022,0.9
Madagascar,MDG,2023,0.9
Madagascar,MDG,2024,1.3
Malaysia,MYS,2013,1.4
Malaysia,MYS,2014,1.4
Malaysia,MYS,2015,1.4
Malaysia,MYS,2016,1.4
Malaysia,MYS,2017,1.4
Malaysia,MYS,2018,1.5
Malaysia,MYS,2019,1.5
Malaysia,MYS,2020,3.3
Malaysia,MYS,2021,5.6
Malaysia,MYS,2022,5.6
Malaysia,MYS,2023,5.6
Malaysia,MYS,2024,4.8
Maldives,MDV,2014,0
Maldives,MDV,2015,0
Maldives,MDV,2016,0
Maldives,MDV,2017,0
Maldives,MDV,2018,0.1
Maldives,MDV,2019,0.1
Maldives,MDV,2020,0.1
Maldives,MDV,2021,0.1
Maldives,MDV,2022,0.1
Maldives,MDV,2023,0.1
Maldives,MDV,2024,0.1
Malta,MLT,2013,0.3
Malta,MLT,2014,0.3
Malta,MLT,2015,0.3
Malta,MLT,2016,6.3
Malta,MLT,2017,6.3
Malta,MLT,2018,6.3
Malta,MLT,2019,7.4
Malta,MLT,2020,7.4
Malta,MLT,2021,7.4
Malta,MLT,2022,7.4
Malta,MLT,2023,7.4
Malta,MLT,2024,7.8
Marshall Islands,MHL,2013,0
Marshall Islands,MHL,2014,0.4
Marshall Islands,MHL,2015,0.3
Marshall Islands,MHL,2016,0.3
Marshall Islands,MHL,2017,0.3
Marshall Islands,MHL,2018,0.3
Marshall Islands,MHL,2019,0.3
Marshall Islands,MHL,2020,0.3
Marshall Islands,MHL,2021,0.3
Marshall Islands,MHL,2022,0.3
Marshall Islands,MHL,2023,0.3
Marshall Islands,MHL,2024,0.3
Mauritania,MRT,2013,4.1
Mauritania,MRT,2014,4.2
Mauritania,MRT,2015,4.2
Mauritania,MRT,2016,4.2
Mauritania,MRT,2017,4.2
Mauritania,MRT,2018,4.2
Mauritania,MRT,2019,4.2
Mauritania,MRT,2020,4.2
Mauritania,MRT,2021,4.2
Mauritania,MRT,2022,4.2
Mauritania,MRT,2023,4.2
Mauritania,MRT,2024,3.7
Mauritius,MUS,2013,0
Mauritius,MUS,2014,0
Mauritius,MUS,2015,0
Mauritius,MUS,2016,0
Mauritius,MUS,2017,0
Mauritius,MUS,2018,0
Mauritius,MUS,2019,0
Mauritius,MUS,2020,0
Mauritius,MUS,2021,0
Mauritius,MUS,2022,0
Mauritius,MUS,2023,0
Mauritius,MUS,2024,0
Mexico,MEX,2013,1.9
Mexico,MEX,2014,1.9
Mexico,MEX,2015,1.9
Mexico,MEX,2016,21.8
Mexico,MEX,2017,21.8
Mexico,MEX,2018,21.6
Mexico,MEX,2019,21.6
Mexico,MEX,2020,21.6
Mexico,MEX,2021,21.6
Mexico,MEX,2022,21.6
Mexico,MEX,2023,21.6
Mexico,MEX,2024,22.6
Micronesia (country),FSM,2013,0
Micronesia (country),FSM,2014,0
Micronesia (country),FSM,2015,0
Micronesia (country),FSM,2016,0
Micronesia (country),FSM,2017,0
Micronesia (country),FSM,2018,0
Micronesia (country),FSM,2019,0
Micronesia (country),FSM,2020,0
Micronesia (country),FSM,2021,0
Micronesia (country),FSM,2022,0
Micronesia (country),FSM,2023,0
Micronesia (country),FSM,2024,0
"Middle East, North Africa, Afghanistan and Pakistan (WB)",WB_MENAP,2013,1.0638885
"Middle East, North Africa, Afghanistan and Pakistan (WB)",WB_MENAP,2014,1.1264219
"Middle East, North Africa, Afghanistan and Pakistan (WB)",WB_MENAP,2015,1.1051743
"Middle East, North Africa, Afghanistan and Pakistan (WB)",WB_MENAP,2016,1.0604309
"Middle East, North Africa, Afghanistan and Pakistan (WB)",WB_MENAP,2017,1.1385297
"Middle East, North Africa, Afghanistan and Pakistan (WB)",WB_MENAP,2018,1.2627813
"Middle East, North Africa, Afghanistan and Pakistan (WB)",WB_MENAP,2019,1.2822759
"Middle East, North Africa, Afghanistan and Pakistan (WB)",WB_MENAP,2020,1.3268344
"Middle East, North Africa, Afghanistan and Pakistan (WB)",WB_MENAP,2021,1.3618083
"Middle East, North Africa, Afghanistan and Pakistan (WB)",WB_MENAP,2022,1.411089
"Middle East, North Africa, Afghanistan and Pakistan (WB)",WB_MENAP,2023,1.435523
"Middle East, North Africa, Afghanistan and Pakistan (WB)",WB_MENAP,2024,4.2474666
Monaco,MCO,2013,0.1
Monaco,MCO,2014,0.1
Monaco,MCO,2015,0.1
Monaco,MCO,2016,99.8
Monaco,MCO,2017,99.8
Monaco,MCO,2018,99.8
Monaco,MCO,2019,99.8
Monaco,MCO,2020,99.8
Monaco,MCO,2021,99.7
Monaco,MCO,2022,99.7
Monaco,MCO,2023,99.7
Monaco,MCO,2024,100
Montenegro,MNE,2013,0.3
Montenegro,MNE,2014,0
Montenegro,MNE,2015,0
Montenegro,MNE,2016,0
Montenegro,MNE,2017,0
Montenegro,MNE,2018,0
Montenegro,MNE,2019,0.1
Montenegro,MNE,2020,0.1
Montenegro,MNE,2021,0.1
Montenegro,MNE,2022,0.6
Montenegro,MNE,2023,0.6
Montenegro,MNE,2024,5.6
Morocco,MAR,2013,0.5
Morocco,MAR,2014,0.3
Morocco,MAR,2015,0.3
Morocco,MAR,2016,0.4
Morocco,MAR,2017,0.3
Morocco,MAR,2018,0.3
Morocco,MAR,2019,0.3
Morocco,MAR,2020,0.7
Morocco,MAR,2021,0.7
Morocco,MAR,2022,0.7
Morocco,MAR,2023,0.7
Morocco,MAR,2024,0.3
Mozambique,MOZ,2013,0.3
Mozambique,MOZ,2014,2.2
Mozambique,MOZ,2015,2.2
Mozambique,MOZ,2016,2.2
Mozambique,MOZ,2017,2.2
Mozambique,MOZ,2018,2.2
Mozambique,MOZ,2019,2.2
Mozambique,MOZ,2020,2.1
Mozambique,MOZ,2021,2.1
Mozambique,MOZ,2022,2.1
Mozambique,MOZ,2023,2.1
Mozambique,MOZ,2024,2.2
Myanmar,MMR,2013,0.1
Myanmar,MMR,2014,0.1
Myanmar,MMR,2015,0.1
Myanmar,MMR,2016,0.1
Myanmar,MMR,2017,0.2
Myanmar,MMR,2018,2.3
Myanmar,MMR,2019,0.5
Myanmar,MMR,2020,0.5
Myanmar,MMR,2021,0.5
Myanmar,MMR,2022,0.5
Myanmar,MMR,2023,0.5
Myanmar,MMR,2024,0.5
Namibia,NAM,2013,1.7
Namibia,NAM,2014,1.7
Namibia,NAM,2015,1.7
Namibia,NAM,2016,1.7
Namibia,NAM,2017,1.7
Namibia,NAM,2018,1.7
Namibia,NAM,2019,1.7
Namibia,NAM,2020,1.7
Namibia,NAM,2021,1.7
Namibia,NAM,2022,1.7
Namibia,NAM,2023,1.7
Namibia,NAM,2024,1.7
Nauru,NRU,2021,0
Nauru,NRU,2022,0
Nauru,NRU,2023,0
Nauru,NRU,2024,0
Netherlands,NLD,2013,21.6
Netherlands,NLD,2014,21.6
Netherlands,NLD,2015,21.6
Netherlands,NLD,2016,21.5
Netherlands,NLD,2017,26.7
Netherlands,NLD,2018,26.7
Netherlands,NLD,2019,26.9
Netherlands,NLD,2020,26.9
Netherlands,NLD,2021,26.9
Netherlands,NLD,2022,26.9
Netherlands,NLD,2023,26.9
Netherlands,NLD,2024,33.6
New Caledonia,NCL,2013,1.7
New Caledonia,NCL,2014,96.2
New Caledonia,NCL,2015,96.2
New Caledonia,NCL,2016,96.5
New Caledonia,NCL,2017,96.2
New Caledonia,NCL,2018,96.6
New Caledonia,NCL,2019,96.3
New Caledonia,NCL,2020,96.3
New Caledonia,NCL,2021,96.3
New Caledonia,NCL,2022,96.3
New Caledonia,NCL,2023,96.3
New Caledonia,NCL,2024,100
New Zealand,NZL,2013,27.9
New Zealand,NZL,2014,30.4
New Zealand,NZL,2015,30.4
New Zealand,NZL,2016,30.4
New Zealand,NZL,2017,30.4
New Zealand,NZL,2018,30.4
New Zealand,NZL,2019,30.4
New Zealand,NZL,2020,30.4
New Zealand,NZL,2021,30.4
New Zealand,NZL,2022,30.4
New Zealand,NZL,2023,30.4
New Zealand,NZL,2024,30.4
Nicaragua,NIC,2013,3
Nicaragua,NIC,2014,3
Nicaragua,NIC,2015,2.9
Nicaragua,NIC,2016,3
Nicaragua,NIC,2017,3
Nicaragua,NIC,2018,3
Nicaragua,NIC,2019,3
Nicaragua,NIC,2020,3.4
Nicaragua,NIC,2021,3.4
Nicaragua,NIC,2022,3.4
Nicaragua,NIC,2023,3.4
Nicaragua,NIC,2024,3.6
Nigeria,NGA,2013,0
Nigeria,NGA,2014,0
Nigeria,NGA,2015,0
Nigeria,NGA,2016,0
Nigeria,NGA,2017,0
Nigeria,NGA,2018,0
Nigeria,NGA,2019,0
Nigeria,NGA,2020,0
Nigeria,NGA,2021,0
Nigeria,NGA,2022,0
Nigeria,NGA,2023,0
Nigeria,NGA,2024,0
North America (WB),WB_NA,2013,8.060753
North America (WB),WB_NA,2014,6.6037
North America (WB),WB_NA,2015,16.49203
North America (WB),WB_NA,2016,24.301832
North America (WB),WB_NA,2017,24.24355
North America (WB),WB_NA,2018,25.074913
North America (WB),WB_NA,2019,25.152222
North America (WB),WB_NA,2020,25.199066
North America (WB),WB_NA,2021,14.513813
North America (WB),WB_NA,2022,14.591122
North America (WB),WB_NA,2023,14.649404
North America (WB),WB_NA,2024,14.629775
North Korea,PRK,2013,0
North Korea,PRK,2014,0
North Korea,PRK,2015,0
North Korea,PRK,2016,0
North Korea,PRK,2017,0
North Korea,PRK,2018,0
North Korea,PRK,2019,0
North Korea,PRK,2020,0
North Korea,PRK,2021,0
North Korea,PRK,2022,0
North Korea,PRK,2023,0
North Korea,PRK,2024,0
Northern Mariana Islands,MNP,2013,32.1
Northern Mariana Islands,MNP,2014,100
Northern Mariana Islands,MNP,2015,33.2
Northern Mariana Islands,MNP,2016,33.2
Northern Mariana Islands,MNP,2017,33.3
Northern Mariana Islands,MNP,2018,33.3
Northern Mariana Islands,MNP,2019,33.3
Northern Mariana Islands,MNP,2020,32
Northern Mariana Islands,MNP,2021,33.2
Northern Mariana Islands,MNP,2022,33.2
Northern Mariana Islands,MNP,2023,32.2
Northern Mariana Islands,MNP,2024,32.4
Norway,NOR,2013,0.4
Norway,NOR,2014,0.5
Norway,NOR,2015,0.5
Norway,NOR,2016,0.7
Norway,NOR,2017,0.8
Norway,NOR,2018,0.8
Norway,NOR,2019,0.8
Norway,NOR,2020,1.5
Norway,NOR,2021,9.9
Norway,NOR,2022,9.8
Norway,NOR,2023,1.4
Norway,NOR,2024,1
Oman,OMN,2013,0.1
Oman,OMN,2014,0.1
Oman,OMN,2015,0.1
Oman,OMN,2016,0.1
Oman,OMN,2017,0.1
Oman,OMN,2018,0.1
Oman,OMN,2019,0.1
Oman,OMN,2020,0.1
Oman,OMN,2021,0.3
Oman,OMN,2022,0.3
Oman,OMN,2023,0.4
Oman,OMN,2024,16.2
Pakistan,PAK,2013,0.8
Pakistan,PAK,2014,0.8
Pakistan,PAK,2015,0.8
Pakistan,PAK,2016,0.8
Pakistan,PAK,2017,0.8
Pakistan,PAK,2018,0.8
Pakistan,PAK,2019,0.8
Pakistan,PAK,2020,0.8
Pakistan,PAK,2021,0.8
Pakistan,PAK,2022,0.8
Pakistan,PAK,2023,0.8
Pakistan,PAK,2024,1.2
Palau,PLW,2013,0.2
Palau,PLW,2014,0.3
Palau,PLW,2015,0.3
Palau,PLW,2016,83
Palau,PLW,2017,83
Palau,PLW,2018,83
Palau,PLW,2019,100
Palau,PLW,2020,100
Palau,PLW,2021,100
Palau,PLW,2022,100
Palau,PLW,2023,100
Palau,PLW,2024,98
Palestine,PSE,2018,0
Palestine,PSE,2019,0
Palestine,PSE,2020,0
Palestine,PSE,2021,0
Palestine,PSE,2022,0
Palestine,PSE,2023,0
Palestine,PSE,2024,0
Panama,PAN,2013,1.7
Panama,PAN,2014,1.7
Panama,PAN,2015,1.7
Panama,PAN,2016,1.7
Panama,PAN,2017,1.7
Panama,PAN,2018,1.7
Panama,PAN,2019,1.7
Panama,PAN,2020,11.6
Panama,PAN,2021,26.8
Panama,PAN,2022,26.8
Panama,PAN,2023,26.8
Panama,PAN,2024,26.3
Papua New Guinea,PNG,2013,0.2
Papua New Guinea,PNG,2014,0.2
Papua New Guinea,PNG,2015,0.2
Papua New Guinea,PNG,2016,0.2
Papua New Guinea,PNG,2017,0.2
Papua New Guinea,PNG,2018,0.2
Papua New Guinea,PNG,2019,0.1
Papua New Guinea,PNG,2020,0.1
Papua New Guinea,PNG,2021,0.1
Papua New Guinea,PNG,2022,0.1
Papua New Guinea,PNG,2023,0.1
Papua New Guinea,PNG,2024,0.1
Peru,PER,2013,0.6
Peru,PER,2014,0.6
Peru,PER,2015,0.6
Peru,PER,2016,0.5
Peru,PER,2017,0.5
Peru,PER,2018,0.5
Peru,PER,2019,0.5
Peru,PER,2020,0.5
Peru,PER,2021,0.5
Peru,PER,2022,8
Peru,PER,2023,8
Peru,PER,2024,7.9
Philippines,PHL,2013,1
Philippines,PHL,2014,1.1
Philippines,PHL,2015,1.1
Philippines,PHL,2016,1.2
Philippines,PHL,2017,1.2
Philippines,PHL,2018,1.2
Philippines,PHL,2019,1.2
Philippines,PHL,2020,1.2
Philippines,PHL,2021,1.7
Philippines,PHL,2022,1.7
Philippines,PHL,2023,1.7
Philippines,PHL,2024,1.6
Poland,POL,2013,22.6
Poland,POL,2014,22.6
Poland,POL,2015,22.6
Poland,POL,2016,22.6
Poland,POL,2017,22.6
Poland,POL,2018,22.6
Poland,POL,2019,22.6
Poland,POL,2020,22.6
Poland,POL,2021,22.6
Poland,POL,2022,22.6
Poland,POL,2023,22.6
Poland,POL,2024,24
Portugal,PRT,2013,6.6
Portugal,PRT,2014,6.7
Portugal,PRT,2015,6.7
Portugal,PRT,2016,8.4
Portugal,PRT,2017,16.2
Portugal,PRT,2018,16.6
Portugal,PRT,2019,16.6
Portugal,PRT,2020,16.8
Portugal,PRT,2021,16.8
Portugal,PRT,2022,16.9
Portugal,PRT,2023,16.9
Portugal,PRT,2024,16.8
Puerto Rico,PRI,2013,0.2
Puerto Rico,PRI,2014,1.7
Puerto Rico,PRI,2015,1.7
Puerto Rico,PRI,2016,1.7
Puerto Rico,PRI,2017,1.8
Puerto Rico,PRI,2018,1.7
Puerto Rico,PRI,2019,1.7
Puerto Rico,PRI,2020,1.8
Puerto Rico,PRI,2021,1.8
Puerto Rico,PRI,2022,1.8
Puerto Rico,PRI,2023,1.8
Puerto Rico,PRI,2024,1.9
Qatar,QAT,2013,0.2
Qatar,QAT,2014,0.2
Qatar,QAT,2015,0.2
Qatar,QAT,2016,0.2
Qatar,QAT,2017,1.7
Qatar,QAT,2018,1.7
Qatar,QAT,2019,1.7
Qatar,QAT,2020,2.3
Qatar,QAT,2021,2.3
Qatar,QAT,2022,2.3
Qatar,QAT,2023,2.3
Qatar,QAT,2024,2.3
Romania,ROU,2013,8
Romania,ROU,2014,8.4
Romania,ROU,2015,8.4
Romania,ROU,2016,8.5
Romania,ROU,2017,23.1
Romania,ROU,2018,23.1
Romania,ROU,2019,23.1
Romania,ROU,2020,23.1
Romania,ROU,2021,23.1
Romania,ROU,2022,23.1
Romania,ROU,2023,23.1
Romania,ROU,2024,22.1
Russia,RUS,2013,3.1
Russia,RUS,2014,3
Russia,RUS,2015,3
Russia,RUS,2016,3
Russia,RUS,2017,3
Russia,RUS,2018,3
Russia,RUS,2019,3
Russia,RUS,2020,2.2
Russia,RUS,2021,2.2
Russia,RUS,2022,2.2
Russia,RUS,2023,2.2
Russia,RUS,2024,2.2
Saint Kitts and Nevis,KNA,2013,0.2
Saint Kitts and Nevis,KNA,2014,0.2
Saint Kitts and Nevis,KNA,2015,0.2
Saint Kitts and Nevis,KNA,2016,0.2
Saint Kitts and Nevis,KNA,2017,0.2
Saint Kitts and Nevis,KNA,2018,0.2
Saint Kitts and Nevis,KNA,2019,4
Saint Kitts and Nevis,KNA,2020,4
Saint Kitts and Nevis,KNA,2021,4
Saint Kitts and Nevis,KNA,2022,4
Saint Kitts and Nevis,KNA,2023,4
Saint Kitts and Nevis,KNA,2024,4.5
Saint Lucia,LCA,2013,0
Saint Lucia,LCA,2014,0
Saint Lucia,LCA,2015,0.2
Saint Lucia,LCA,2016,0.2
Saint Lucia,LCA,2017,0.2
Saint Lucia,LCA,2018,0.2
Saint Lucia,LCA,2019,0.2
Saint Lucia,LCA,2020,0.2
Saint Lucia,LCA,2021,0.2
Saint Lucia,LCA,2022,0.2
Saint Lucia,LCA,2023,0.2
Saint Lucia,LCA,2024,0.3
Saint Martin (French part),MAF,2013,3.6
Saint Martin (French part),MAF,2014,2.8
Saint Martin (French part),MAF,2015,2.8
Saint Martin (French part),MAF,2016,96.6
Saint Martin (French part),MAF,2017,96.4
Saint Martin (French part),MAF,2018,96.4
Saint Martin (French part),MAF,2019,96.4
Saint Martin (French part),MAF,2020,96.4
Saint Martin (French part),MAF,2021,96.4
Saint Martin (French part),MAF,2022,96.4
Saint Martin (French part),MAF,2023,96.4
Saint Martin (French part),MAF,2024,97
Saint Vincent and the Grenadines,VCT,2013,0.1
Saint Vincent and the Grenadines,VCT,2014,0.2
Saint Vincent and the Grenadines,VCT,2015,0.2
Saint Vincent and the Grenadines,VCT,2016,0.2
Saint Vincent and the Grenadines,VCT,2017,0.2
Saint Vincent and the Grenadines,VCT,2018,0.2
Saint Vincent and the Grenadines,VCT,2019,0.2
Saint Vincent and the Grenadines,VCT,2020,0.2
Saint Vincent and the Grenadines,VCT,2021,0.2
Saint Vincent and the Grenadines,VCT,2022,0.2
Saint Vincent and the Grenadines,VCT,2023,0.2
Saint Vincent and the Grenadines,VCT,2024,0.2
Samoa,WSM,2013,0.1
Samoa,WSM,2014,0.1
Samoa,WSM,2015,0.1
Samoa,WSM,2016,0.1
Samoa,WSM,2017,0.1
Samoa,WSM,2018,0.1
Samoa,WSM,2019,0.1
Samoa,WSM,2020,0.1
Samoa,WSM,2021,0.1
Samoa,WSM,2022,0.1
Samoa,WSM,2023,0.1
Samoa,WSM,2024,0.2
Sao Tome and Principe,STP,2013,0
Sao Tome and Principe,STP,2014,0
Sao Tome and Principe,STP,2015,0
Sao Tome and Principe,STP,2016,0
Sao Tome and Principe,STP,2017,0
Sao Tome and Principe,STP,2018,0
Sao Tome and Principe,STP,2019,0
Sao Tome and Principe,STP,2020,0
Sao Tome and Principe,STP,2021,0
Sao Tome and Principe,STP,2022,0
Sao Tome and Principe,STP,2023,0
Sao Tome and Principe,STP,2024,0
Saudi Arabia,SAU,2013,1.6
Saudi Arabia,SAU,2014,1.6
Saudi Arabia,SAU,2015,1.6
Saudi Arabia,SAU,2016,1.5
Saudi Arabia,SAU,2017,2.5
Saudi Arabia,SAU,2018,2.5
Saudi Arabia,SAU,2019,2.5
Saudi Arabia,SAU,2020,2.5
Saudi Arabia,SAU,2021,2.5
Saudi Arabia,SAU,2022,2.5
Saudi Arabia,SAU,2023,2.5
Saudi Arabia,SAU,2024,3.5
Senegal,SEN,2013,1.1
Senegal,SEN,2014,1.1
Senegal,SEN,2015,1.1
Senegal,SEN,2016,1.1
Senegal,SEN,2017,1.1
Senegal,SEN,2018,1.1
Senegal,SEN,2019,1.1
Senegal,SEN,2020,1.1
Senegal,SEN,2021,1.9
Senegal,SEN,2022,1.9
Senegal,SEN,2023,1.9
Senegal,SEN,2024,2.2
Seychelles,SYC,2013,0
Seychelles,SYC,2014,0
Seychelles,SYC,2015,0
Seychelles,SYC,2016,0
Seychelles,SYC,2017,0
Seychelles,SYC,2018,0
Seychelles,SYC,2019,15.7
Seychelles,SYC,2020,32.8
Seychelles,SYC,2021,32.8
Seychelles,SYC,2022,32.8
Seychelles,SYC,2023,32.8
Seychelles,SYC,2024,32.6
Sierra Leone,SLE,2013,0.5
Sierra Leone,SLE,2014,0.5
Sierra Leone,SLE,2015,0.5
Sierra Leone,SLE,2016,0.5
Sierra Leone,SLE,2017,0.5
Sierra Leone,SLE,2018,0.5
Sierra Leone,SLE,2019,0.5
Sierra Leone,SLE,2020,0.5
Sierra Leone,SLE,2021,1.6
Sierra Leone,SLE,2022,1.6
Sierra Leone,SLE,2023,1.6
Sierra Leone,SLE,2024,1.7
Singapore,SGP,2013,1.2
Singapore,SGP,2014,1.2
Singapore,SGP,2015,0
Singapore,SGP,2016,0
Singapore,SGP,2017,0
Singapore,SGP,2018,0
Singapore,SGP,2019,0
Singapore,SGP,2020,0
Singapore,SGP,2021,0
Singapore,SGP,2022,0
Singapore,SGP,2023,0
Singapore,SGP,2024,0
Sint Maarten (Dutch part),SXM,2016,5.3
Sint Maarten (Dutch part),SXM,2017,8.7
Sint Maarten (Dutch part),SXM,2018,8.7
Sint Maarten (Dutch part),SXM,2019,8.7
Sint Maarten (Dutch part),SXM,2020,8.7
Sint Maarten (Dutch part),SXM,2021,8.7
Sint Maarten (Dutch part),SXM,2022,8.7
Sint Maarten (Dutch part),SXM,2023,8.7
Sint Maarten (Dutch part),SXM,2024,5.1
Slovenia,SVN,2020,2.3
Slovenia,SVN,2021,2.3
Slovenia,SVN,2022,2.3
Slovenia,SVN,2023,2.3
Slovenia,SVN,2024,2.9
Solomon Islands,SLB,2013,0.1
Solomon Islands,SLB,2014,0.1
Solomon Islands,SLB,2015,0.1
Solomon Islands,SLB,2016,0.1
Solomon Islands,SLB,2017,0.1
Solomon Islands,SLB,2018,0.1
Solomon Islands,SLB,2019,0.1
Solomon Islands,SLB,2020,0.1
Solomon Islands,SLB,2021,0.1
Solomon Islands,SLB,2022,0.1
Solomon Islands,SLB,2023,0.1
Solomon Islands,SLB,2024,0.1
Somalia,SOM,2019,0
Somalia,SOM,2020,0
Somalia,SOM,2021,0
Somalia,SOM,2022,0
Somalia,SOM,2023,0
Somalia,SOM,2024,0
South Africa,ZAF,2013,12.1
South Africa,ZAF,2014,12.1
South Africa,ZAF,2015,12.1
South Africa,ZAF,2016,12.1
South Africa,ZAF,2017,12.1
South Africa,ZAF,2018,12.1
South Africa,ZAF,2019,14.6
South Africa,ZAF,2020,15.5
South Africa,ZAF,2021,15.5
South Africa,ZAF,2022,15.5
South Africa,ZAF,2023,15.5
South Africa,ZAF,2024,15.4
South Asia (WB),WB_SA,2013,0.21646212
South Asia (WB),WB_SA,2014,0.25255048
South Asia (WB),WB_SA,2015,0.25255048
South Asia (WB),WB_SA,2016,0.25255048
South Asia (WB),WB_SA,2017,0.25255048
South Asia (WB),WB_SA,2018,0.27655137
South Asia (WB),WB_SA,2019,0.27655137
South Asia (WB),WB_SA,2020,0.27655137
South Asia (WB),WB_SA,2021,0.27655137
South Asia (WB),WB_SA,2022,0.27655137
South Asia (WB),WB_SA,2023,0.3337781
South Asia (WB),WB_SA,2024,0.39367494
South Korea,KOR,2013,1
South Korea,KOR,2014,1
South Korea,KOR,2015,1
South Korea,KOR,2016,1.6
South Korea,KOR,2017,1.6
South Korea,KOR,2018,1.6
South Korea,KOR,2019,2.4
South Korea,KOR,2020,2.5
South Korea,KOR,2021,2.5
South Korea,KOR,2022,2.5
South Korea,KOR,2023,2.5
South Korea,KOR,2024,2.2
Spain,ESP,2013,1.7
Spain,ESP,2014,1.1
Spain,ESP,2015,7.1
Spain,ESP,2016,8.4
Spain,ESP,2017,8.4
Spain,ESP,2018,8.4
Spain,ESP,2019,12.7
Spain,ESP,2020,12.8
Spain,ESP,2021,12.8
Spain,ESP,2022,12.8
Spain,ESP,2023,12.8
Spain,ESP,2024,12.8
Sri Lanka,LKA,2013,0.1
Sri Lanka,LKA,2014,0.1
Sri Lanka,LKA,2015,0.1
Sri Lanka,LKA,2016,0.1
Sri Lanka,LKA,2017,0.1
Sri Lanka,LKA,2018,0.1
Sri Lanka,LKA,2019,0.1
Sri Lanka,LKA,2020,0.1
Sri Lanka,LKA,2021,0.1
Sri Lanka,LKA,2022,0.1
Sri Lanka,LKA,2023,0.1
Sri Lanka,LKA,2024,0.1
Sub-Saharan Africa (WB),WB_SSA,2013,2.2637215
Sub-Saharan Africa (WB),WB_SSA,2014,2.2806764
Sub-Saharan Africa (WB),WB_SSA,2015,2.2955186
Sub-Saharan Africa (WB),WB_SSA,2016,2.384905
Sub-Saharan Africa (WB),WB_SSA,2017,2.9402342
Sub-Saharan Africa (WB),WB_SSA,2018,2.9290316
Sub-Saharan Africa (WB),WB_SSA,2019,4.897197
Sub-Saharan Africa (WB),WB_SSA,2020,7.0148044
Sub-Saharan Africa (WB),WB_SSA,2021,7.041063
Sub-Saharan Africa (WB),WB_SSA,2022,7.0400896
Sub-Saharan Africa (WB),WB_SSA,2023,7.0400896
Sub-Saharan Africa (WB),WB_SSA,2024,7.0221434
Sudan,SDN,2013,13.3
Sudan,SDN,2014,0
Sudan,SDN,2015,0
Sudan,SDN,2016,16
Sudan,SDN,2017,16
Sudan,SDN,2018,16
Sudan,SDN,2019,16
Sudan,SDN,2020,16
Sudan,SDN,2021,16
Sudan,SDN,2022,16
Sudan,SDN,2023,16
Sudan,SDN,2024,17
Suriname,SUR,2013,1.5
Suriname,SUR,2014,1.5
Suriname,SUR,2015,1.5
Suriname,SUR,2016,1.5
Suriname,SUR,2017,1.5
Suriname,SUR,2018,1.5
Suriname,SUR,2019,1.5
Suriname,SUR,2020,1.5
Suriname,SUR,2021,1.5
Suriname,SUR,2022,1.5
Suriname,SUR,2023,1.5
Suriname,SUR,2024,1.5
Sweden,SWE,2013,7
Sweden,SWE,2014,8
Sweden,SWE,2015,8
Sweden,SWE,2016,8.2
Sweden,SWE,2017,15.2
Sweden,SWE,2018,15.2
Sweden,SWE,2019,15.4
Sweden,SWE,2020,15.4
Sweden,SWE,2021,15.8
Sweden,SWE,2022,15.8
Sweden,SWE,2023,15.8
Sweden,SWE,2024,16
Syria,SYR,2013,0.2
Syria,SYR,2014,0.2
Syria,SYR,2015,0.2
Syria,SYR,2016,0.2
Syria,SYR,2017,0.2
Syria,SYR,2018,0.2
Syria,SYR,2019,0.2
Syria,SYR,2020,0.2
Syria,SYR,2021,0.2
Syria,SYR,2022,0.2
Syria,SYR,2023,0.2
Syria,SYR,2024,0.2
Tanzania,TZA,2013,3
Tanzania,TZA,2014,3
Tanzania,TZA,2015,3
Tanzania,TZA,2016,2.5
Tanzania,TZA,2017,3
Tanzania,TZA,2018,3
Tanzania,TZA,2019,3
Tanzania,TZA,2020,3
Tanzania,TZA,2021,3
Tanzania,TZA,2022,3
Tanzania,TZA,2023,3
Tanzania,TZA,2024,2.3
Thailand,THA,2013,1.8
Thailand,THA,2014,1.9
Thailand,THA,2015,1.9
Thailand,THA,2016,1.9
Thailand,THA,2017,1.9
Thailand,THA,2018,1.9
Thailand,THA,2019,1.9
Thailand,THA,2020,4.4
Thailand,THA,2021,4.4
Thailand,THA,2022,4.4
Thailand,THA,2023,4.8
Thailand,THA,2024,5
Togo,TGO,2013,0.2
Togo,TGO,2014,0.2
Togo,TGO,2015,0.2
Togo,TGO,2016,0.2
Togo,TGO,2017,0.2
Togo,TGO,2018,0.2
Togo,TGO,2019,0.2
Togo,TGO,2020,0.2
Togo,TGO,2021,0.2
Togo,TGO,2022,0.2
Togo,TGO,2023,0.2
Togo,TGO,2024,0.7
Tonga,TON,2013,1.5
Tonga,TON,2014,1.5
Tonga,TON,2015,1.5
Tonga,TON,2016,1.5
Tonga,TON,2017,1.5
Tonga,TON,2018,1.5
Tonga,TON,2019,0.1
Tonga,TON,2020,0.1
Tonga,TON,2021,0.1
Tonga,TON,2022,0.1
Tonga,TON,2023,0.1
Tonga,TON,2024,0.1
Trinidad and Tobago,TTO,2013,0.1
Trinidad and Tobago,TTO,2014,0.1
Trinidad and Tobago,TTO,2015,0
Trinidad and Tobago,TTO,2016,0
Trinidad and Tobago,TTO,2017,0
Trinidad and Tobago,TTO,2018,0
Trinidad and Tobago,TTO,2019,0
Trinidad and Tobago,TTO,2020,0
Trinidad and Tobago,TTO,2021,0
Trinidad and Tobago,TTO,2022,0
Trinidad and Tobago,TTO,2023,0
Trinidad and Tobago,TTO,2024,0.1
Tunisia,TUN,2013,1
Tunisia,TUN,2014,1.1
Tunisia,TUN,2015,1.1
Tunisia,TUN,2016,1
Tunisia,TUN,2017,1
Tunisia,TUN,2018,1
Tunisia,TUN,2019,1
Tunisia,TUN,2020,1
Tunisia,TUN,2021,1
Tunisia,TUN,2022,1
Tunisia,TUN,2023,1
Tunisia,TUN,2024,1.1
Turkey,TUR,2013,1.2
Turkey,TUR,2014,0.1
Turkey,TUR,2015,0.1
Turkey,TUR,2016,0.1
Turkey,TUR,2017,0.1
Turkey,TUR,2018,0.1
Turkey,TUR,2019,0.1
Turkey,TUR,2020,0.1
Turkey,TUR,2021,1.8
Turkey,TUR,2022,1.8
Turkey,TUR,2023,1.8
Turkey,TUR,2024,1.7
Turkmenistan,TKM,2013,2.9
Turkmenistan,TKM,2014,3
Turkmenistan,TKM,2015,3
Turkmenistan,TKM,2016,3
Turkmenistan,TKM,2017,3
Turkmenistan,TKM,2018,3
Turkmenistan,TKM,2019,3
Turkmenistan,TKM,2020,3
Turkmenistan,TKM,2021,3
Turkmenistan,TKM,2022,3
Turkmenistan,TKM,2023,3
Turkmenistan,TKM,2024,4.2
Turks and Caicos Islands,TCA,2013,0.1
Turks and Caicos Islands,TCA,2014,0.1
Turks and Caicos Islands,TCA,2015,0.1
Turks and Caicos Islands,TCA,2016,0.1
Turks and Caicos Islands,TCA,2017,0.1
Turks and Caicos Islands,TCA,2018,0.1
Turks and Caicos Islands,TCA,2019,0.1
Turks and Caicos Islands,TCA,2020,0.1
Turks and Caicos Islands,TCA,2021,0.1
Turks and Caicos Islands,TCA,2022,0.1
Turks and Caicos Islands,TCA,2023,0.1
Turks and Caicos Islands,TCA,2024,0.2
Tuvalu,TUV,2013,0
Tuvalu,TUV,2014,0
Tuvalu,TUV,2015,0
Tuvalu,TUV,2016,0
Tuvalu,TUV,2017,0
Tuvalu,TUV,2018,0
Tuvalu,TUV,2019,0
Tuvalu,TUV,2020,0
Tuvalu,TUV,2021,0
Tuvalu,TUV,2022,0
Tuvalu,TUV,2023,0
Tuvalu,TUV,2024,0
Ukraine,UKR,2013,3.4
Ukraine,UKR,2014,3.4
Ukraine,UKR,2015,3.4
Ukraine,UKR,2016,3.4
Ukraine,UKR,2017,3.4
Ukraine,UKR,2018,3.4
Ukraine,UKR,2019,3.4
Ukraine,UKR,2020,3.4
Ukraine,UKR,2021,9.2
Ukraine,UKR,2022,9.2
Ukraine,UKR,2023,9.2
Ukraine,UKR,2024,21.6
United Arab Emirates,ARE,2013,12.4
United Arab Emirates,ARE,2014,12.4
United Arab Emirates,ARE,2015,12.4
United Arab Emirates,ARE,2016,4.3
United Arab Emirates,ARE,2017,4.3
United Arab Emirates,ARE,2018,11.3
United Arab Emirates,ARE,2019,11.3
United Arab Emirates,ARE,2020,11.5
United Arab Emirates,ARE,2021,11.5
United Arab Emirates,ARE,2022,11.5
United Arab Emirates,ARE,2023,11.5
United Arab Emirates,ARE,2024,12
United Kingdom,GBR,2013,5.7
United Kingdom,GBR,2014,16.5
United Kingdom,GBR,2015,12.5
United Kingdom,GBR,2016,21.6
United Kingdom,GBR,2017,29
United Kingdom,GBR,2018,28.9
United Kingdom,GBR,2019,29.2
United Kingdom,GBR,2020,44.2
United Kingdom,GBR,2021,44.1
United Kingdom,GBR,2022,44.1
United Kingdom,GBR,2023,44.1
United Kingdom,GBR,2024,46.8
United States,USA,2013,13.3
United States,USA,2014,10.8
United States,USA,2015,27.7
United States,USA,2016,41.1
United States,USA,2017,41
United States,USA,2018,41.1
United States,USA,2019,41.1
United States,USA,2020,37.4
United States,USA,2021,19
United States,USA,2022,19
United States,USA,2023,19.1
United States,USA,2024,19
United States Virgin Islands,VIR,2013,0.4
United States Virgin Islands,VIR,2014,0.8
United States Virgin Islands,VIR,2015,0.8
United States Virgin Islands,VIR,2016,0.9
United States Virgin Islands,VIR,2017,0.8
United States Virgin Islands,VIR,2018,0.9
United States Virgin Islands,VIR,2019,0.9
United States Virgin Islands,VIR,2020,0.5
United States Virgin Islands,VIR,2021,0.9
United States Virgin Islands,VIR,2022,0.9
United States Virgin Islands,VIR,2023,0.9
United States Virgin Islands,VIR,2024,0.8
Upper-middle-income countries,OWID_UMC,2013,2.792216
Upper-middle-income countries,OWID_UMC,2014,2.8297405
Upper-middle-income countries,OWID_UMC,2015,2.641724
Upper-middle-income countries,OWID_UMC,2016,4.7855906
Upper-middle-income countries,OWID_UMC,2017,5.1552763
Upper-middle-income countries,OWID_UMC,2018,8.414395
Upper-middle-income countries,OWID_UMC,2019,8.807831
Upper-middle-income countries,OWID_UMC,2020,9.100927
Upper-middle-income countries,OWID_UMC,2021,9.17385
Upper-middle-income countries,OWID_UMC,2022,9.571115
Upper-middle-income countries,OWID_UMC,2023,9.575082
Upper-middle-income countries,OWID_UMC,2024,10.22047
Uruguay,URY,2013,0.3
Uruguay,URY,2014,0.3
Uruguay,URY,2015,0.3
Uruguay,URY,2016,0.7
Uruguay,URY,2017,0.7
Uruguay,URY,2018,0.7
Uruguay,URY,2019,0.8
Uruguay,URY,2020,0.8
Uruguay,URY,2021,0.8
Uruguay,URY,2022,0.8
Uruguay,URY,2023,0.8
Uruguay,URY,2024,1.5
Vanuatu,VUT,2013,0
Vanuatu,VUT,2014,0
Vanuatu,VUT,2015,0
Vanuatu,VUT,2016,0
Vanuatu,VUT,2017,0
Vanuatu,VUT,2018,0
Vanuatu,VUT,2019,0
Vanuatu,VUT,2020,0
Vanuatu,VUT,2021,0
Vanuatu,VUT,2022,0
Vanuatu,VUT,2023,0
Vanuatu,VUT,2024,0
Venezuela,VEN,2013,3.5
Venezuela,VEN,2014,3.5
Venezuela,VEN,2015,3.5
Venezuela,VEN,2016,3.5
Venezuela,VEN,2017,3.5
Venezuela,VEN,2018,3.5
Venezuela,VEN,2019,3.5
Venezuela,VEN,2020,4.3
Venezuela,VEN,2021,4.3
Venezuela,VEN,2022,4.4
Venezuela,VEN,2023,4.3
Venezuela,VEN,2024,4.4
Vietnam,VNM,2013,0.6
Vietnam,VNM,2014,0.6
Vietnam,VNM,2015,0.6
Vietnam,VNM,2016,0.6
Vietnam,VNM,2017,0.6
Vietnam,VNM,2018,0.6
Vietnam,VNM,2019,0.6
Vietnam,VNM,2020,0.6
Vietnam,VNM,2021,0.6
Vietnam,VNM,2022,0.6
Vietnam,VNM,2023,0.6
Vietnam,VNM,2024,0.5
World,OWID_WRL,2013,6.828931
World,OWID_WRL,2014,8.2967005
World,OWID_WRL,2015,9.006208
World,OWID_WRL,2016,11.405332
World,OWID_WRL,2017,11.719787
World,OWID_WRL,2018,13.203227
World,OWID_WRL,2019,13.882518
World,OWID_WRL,2020,14.212876
World,OWID_WRL,2021,13.466414
World,OWID_WRL,2022,13.704245
World,OWID_WRL,2023,13.679682
World,OWID_WRL,2024,14.014829
Yemen,YEM,2013,0.5
Yemen,YEM,2014,0.5
Yemen,YEM,2015,0.5
Yemen,YEM,2016,0.5
Yemen,YEM,2017,0.5
Yemen,YEM,2018,0.5
Yemen,YEM,2019,0.5
Yemen,YEM,2020,0.5
Yemen,YEM,2021,0.5
Yemen,YEM,2022,0.5
Yemen,YEM,2023,0.5
Yemen,YEM,2024,0.4