Entity,CODE,Year,Value
Albania,ALB,2014,0.00
Albania,ALB,2015,1160.00
Albania,ALB,2016,1555.07
Albania,ALB,2017,1502.11
Albania,ALB,2018,1488.74
Albania,ALB,2019,1493.91
Albania,ALB,2020,1553.51
Albania,ALB,2021,1236.00
Algeria,DZA,1961,150.00
Algeria,DZA,1962,150.00
Algeria,DZA,1963,150.00
Algeria,DZA,1964,150.00
Algeria,DZA,1965,150.00
Algeria,DZA,1966,150.00
Algeria,DZA,1967,150.00
Algeria,DZA,1968,150.00
Algeria,DZA,1969,150.00
Algeria,DZA,1970,150.00
Algeria,DZA,1971,150.00
Algeria,DZA,1972,150.00
Algeria,DZA,1973,150.00
Algeria,DZA,1974,150.00
Algeria,DZA,1975,150.00
Algeria,DZA,1976,150.00
Algeria,DZA,1977,150.00
Algeria,DZA,1978,150.00
Algeria,DZA,1979,150.00
Algeria,DZA,1980,150.00
Algeria,DZA,1981,150.00
Algeria,DZA,1982,150.00
Algeria,DZA,1983,165.00
Algeria,DZA,1984,220.00
Algeria,DZA,1985,220.00
Algeria,DZA,1986,230.00
Algeria,DZA,1987,230.00
Algeria,DZA,1988,240.00
Algeria,DZA,1989,250.00
Algeria,DZA,1990,260.00
Algeria,DZA,1991,275.00
Algeria,DZA,1992,284.32
Algeria,DZA,1993,284.33
Algeria,DZA,1994,354.18
Algeria,DZA,1995,364.17
Algeria,DZA,1996,324.28
Algeria,DZA,1997,330.00
Algeria,DZA,1998,345.78
Algeria,DZA,1999,355.83
Algeria,DZA,2000,365.71
Algeria,DZA,2001,379.60
Algeria,DZA,2002,380.00
Algeria,DZA,2003,388.82
Algeria,DZA,2004,388.22
Algeria,DZA,2005,387.61
Algeria,DZA,2006,380.00
Algeria,DZA,2007,387.05
Algeria,DZA,2008,387.06
Algeria,DZA,2009,386.89
Algeria,DZA,2010,442.13
Algeria,DZA,2011,469.81
Algeria,DZA,2012,480.97
Algeria,DZA,2013,497.72
Algeria,DZA,2014,497.93
Algeria,DZA,2015,496.84
Algeria,DZA,2016,497.26
Algeria,DZA,2017,498.18
Algeria,DZA,2018,500.00
Algeria,DZA,2019,501.10
Algeria,DZA,2020,518.81
Algeria,DZA,2021,516.40
Argentina,ARG,1961,2856.00
Argentina,ARG,1962,3060.00
Argentina,ARG,1963,3345.60
Argentina,ARG,1964,3549.60
Argentina,ARG,1965,3753.60
Argentina,ARG,1966,6502.50
Argentina,ARG,1967,3927.00
Argentina,ARG,1968,4590.00
Argentina,ARG,1969,4590.00
Argentina,ARG,1970,4845.00
Argentina,ARG,1971,5610.00
Argentina,ARG,1972,6120.00
Argentina,ARG,1973,6630.00
Argentina,ARG,1974,7650.00
Argentina,ARG,1975,7140.00
Argentina,ARG,1976,6120.00
Argentina,ARG,1977,5610.00
Argentina,ARG,1978,6120.00
Argentina,ARG,1979,7038.00
Argentina,ARG,1980,12750.00
Argentina,ARG,1981,19890.00
Argentina,ARG,1982,23460.00
Argentina,ARG,1983,28560.00
Argentina,ARG,1984,33150.00
Argentina,ARG,1985,36210.00
Argentina,ARG,1986,39780.00
Argentina,ARG,1987,43758.00
Argentina,ARG,1988,39270.00
Argentina,ARG,1989,37740.00
Argentina,ARG,1990,42024.00
Argentina,ARG,1991,30921.30
Argentina,ARG,1992,41610.90
Argentina,ARG,1993,41820.00
Argentina,ARG,1994,38250.00
Argentina,ARG,1995,35700.00
Argentina,ARG,1996,33150.00
Argentina,ARG,1997,33150.00
Argentina,ARG,1998,33150.00
Argentina,ARG,1999,34680.00
Argentina,ARG,2000,34680.00
Argentina,ARG,2001,34680.00
Argentina,ARG,2002,34935.00
Argentina,ARG,2003,35190.00
Argentina,ARG,2004,35190.00
Argentina,ARG,2005,35190.00
Argentina,ARG,2006,35190.00
Argentina,ARG,2007,35700.00
Argentina,ARG,2008,35700.00
Argentina,ARG,2009,35700.00
Argentina,ARG,2010,35700.00
Argentina,ARG,2011,35700.00
Argentina,ARG,2012,36070.54
Argentina,ARG,2013,36870.54
Argentina,ARG,2014,36864.36
Argentina,ARG,2015,35284.04
Argentina,ARG,2016,34519.09
Argentina,ARG,2017,28277.21
Argentina,ARG,2018,34631.85
Argentina,ARG,2019,34733.05
Argentina,ARG,2020,34671.56
Argentina,ARG,2021,34610.09
Australia,AUS,1961,1700.00
Australia,AUS,1962,1740.00
Australia,AUS,1963,1770.00
Australia,AUS,1964,1810.00
Australia,AUS,1965,1850.00
Australia,AUS,1966,2323.00
Australia,AUS,1967,3217.00
Australia,AUS,1968,2886.00
Australia,AUS,1969,3781.00
Australia,AUS,1970,5943.00
Australia,AUS,1971,6020.00
Australia,AUS,1972,4968.00
Australia,AUS,1973,7769.00
Australia,AUS,1974,7776.00
Australia,AUS,1975,7609.00
Australia,AUS,1976,5650.00
Australia,AUS,1977,6400.00
Australia,AUS,1978,7383.00
Australia,AUS,1979,8000.00
Australia,AUS,1980,11000.00
Australia,AUS,1981,9000.00
Australia,AUS,1982,8000.00
Australia,AUS,1983,7900.00
Australia,AUS,1984,9000.00
Australia,AUS,1985,11700.00
Australia,AUS,1986,9900.00
Australia,AUS,1987,21000.00
Australia,AUS,1988,20300.00
Australia,AUS,1989,23500.00
Australia,AUS,1990,23360.00
Australia,AUS,1991,24000.00
Australia,AUS,1992,23800.00
Australia,AUS,1993,18200.00
Australia,AUS,1994,14700.00
Australia,AUS,1995,17500.00
Australia,AUS,1996,21400.00
Australia,AUS,1997,24823.00
Australia,AUS,1998,23500.00
Australia,AUS,1999,24500.00
Australia,AUS,2000,25200.00
Australia,AUS,2001,13300.00
Australia,AUS,2002,10850.00
Australia,AUS,2003,14350.00
Australia,AUS,2004,12600.00
Australia,AUS,2005,11550.00
Australia,AUS,2006,21700.00
Australia,AUS,2007,36400.00
Australia,AUS,2008,23450.00
Australia,AUS,2009,22225.00
Australia,AUS,2010,22050.00
Australia,AUS,2011,21700.00
Australia,AUS,2012,22500.00
Australia,AUS,2013,22172.41
Australia,AUS,2014,22200.03
Australia,AUS,2015,22137.50
Australia,AUS,2016,22085.00
Australia,AUS,2017,22120.00
Australia,AUS,2018,21959.93
Australia,AUS,2019,20132.59
Australia,AUS,2020,19806.88
Australia,AUS,2021,19766.59
Austria,AUT,1961,186.00
Austria,AUT,1962,231.00
Austria,AUT,1963,231.00
Austria,AUT,1964,230.00
Austria,AUT,1965,150.00
Austria,AUT,1966,180.00
Austria,AUT,1967,250.00
Austria,AUT,1968,600.00
Austria,AUT,1969,450.00
Austria,AUT,1970,453.00
Austria,AUT,1971,479.00
Austria,AUT,1972,687.00
Austria,AUT,1973,594.00
Austria,AUT,1974,629.00
Austria,AUT,1975,651.00
Austria,AUT,1976,1008.00
Austria,AUT,1977,1616.00
Austria,AUT,1978,1962.00
Austria,AUT,1979,2502.00
Austria,AUT,1980,1892.00
Austria,AUT,1981,2071.00
Austria,AUT,1982,2257.00
Austria,AUT,1983,2666.00
Austria,AUT,1984,4712.00
Austria,AUT,1985,5174.00
Austria,AUT,1986,5547.00
Austria,AUT,1987,6348.00
Austria,AUT,1988,7857.00
Austria,AUT,1989,9159.00
Austria,AUT,1990,11772.00
Austria,AUT,1991,15703.00
Austria,AUT,1992,18802.00
Austria,AUT,1993,19673.00
Austria,AUT,1994,18741.00
Austria,AUT,1995,16890.00
Austria,AUT,1996,15433.00
Austria,AUT,1997,14619.00
Austria,AUT,1998,16151.00
Austria,AUT,1999,18380.00
Austria,AUT,2000,23794.00
Austria,AUT,2001,24919.00
Austria,AUT,2002,24259.00
Austria,AUT,2003,24500.00
Austria,AUT,2004,30947.00
Austria,AUT,2005,29872.00
Austria,AUT,2006,29573.00
Austria,AUT,2007,28105.00
Austria,AUT,2008,27603.00
Austria,AUT,2009,23990.00
Austria,AUT,2010,26113.00
Austria,AUT,2011,24721.00
Austria,AUT,2012,24727.00
Austria,AUT,2013,20759.00
Austria,AUT,2014,20113.00
Austria,AUT,2015,20000.00
Austria,AUT,2016,20700.00
Austria,AUT,2017,15900.00
Austria,AUT,2018,13700.00
Austria,AUT,2019,15100.00
Austria,AUT,2020,16421.00
Barbados,BRB,1991,0.00
Barbados,BRB,1992,0.00
Barbados,BRB,1993,0.00
Barbados,BRB,1994,0.00
Barbados,BRB,1995,0.00
Barbados,BRB,1996,0.00
Barbados,BRB,1997,163.00
Barbados,BRB,1998,280.00
Barbados,BRB,1999,100.00
Barbados,BRB,2000,360.00
Barbados,BRB,2001,150.00
Barbados,BRB,2002,345.00
Barbados,BRB,2003,278.00
Barbados,BRB,2004,217.00
Barbados,BRB,2005,371.00
Barbados,BRB,2006,275.00
Barbados,BRB,2007,280.00
Barbados,BRB,2008,240.00
Barbados,BRB,2009,219.00
Barbados,BRB,2010,272.00
Barbados,BRB,2011,238.00
Barbados,BRB,2012,330.00
Barbados,BRB,2013,303.00
Barbados,BRB,2014,183.00
Barbados,BRB,2015,190.30
Barbados,BRB,2016,261.83
Barbados,BRB,2017,127.01
Barbados,BRB,2018,180.78
Barbados,BRB,2019,188.04
Barbados,BRB,2020,141.00
Barbados,BRB,2021,298.00
Belgium,BEL,1961,1470.00
Belgium,BEL,1962,1466.00
Belgium,BEL,1963,1337.00
Belgium,BEL,1964,1456.00
Belgium,BEL,1965,1415.00
Belgium,BEL,1966,1548.00
Belgium,BEL,1967,2864.00
Belgium,BEL,1968,4290.00
Belgium,BEL,1969,5973.00
Belgium,BEL,1970,7046.00
Belgium,BEL,1971,7354.00
Belgium,BEL,1972,7109.00
Belgium,BEL,1973,8821.00
Belgium,BEL,1974,9996.00
Belgium,BEL,1975,10314.00
Belgium,BEL,1976,9013.00
Belgium,BEL,1977,9477.00
Belgium,BEL,1978,8461.00
Belgium,BEL,1979,9505.00
Belgium,BEL,1980,9853.00
Belgium,BEL,1981,8187.00
Belgium,BEL,1982,9300.00
Belgium,BEL,1983,10110.00
Belgium,BEL,1984,10396.00
Belgium,BEL,1985,10160.00
Belgium,BEL,1986,10000.00
Belgium,BEL,1987,9273.00
Belgium,BEL,1988,9017.00
Belgium,BEL,1989,8254.00
Belgium,BEL,1990,8302.00
Belgium,BEL,1991,8372.00
Belgium,BEL,1992,9128.00
Belgium,BEL,1993,9267.00
Belgium,BEL,1994,7367.00
Belgium,BEL,1995,9538.00
Belgium,BEL,1996,11695.00
Belgium,BEL,1997,5428.00
Belgium,BEL,1998,7626.00
Belgium,BEL,1999,9751.00
Belgium,BEL,2000,6866.00
Belgium,BEL,2001,7000.00
Belgium,BEL,2002,7486.00
Belgium,BEL,2003,6545.50
Belgium,BEL,2004,5120.50
Belgium,BEL,2005,3847.50
Belgium,BEL,2006,4530.41
Belgium,BEL,2007,5966.00
Belgium,BEL,2008,7742.50
Belgium,BEL,2009,8638.00
Belgium,BEL,2010,8070.00
Belgium,BEL,2011,8528.00
Belgium,BEL,2012,9000.00
Belgium,BEL,2013,8532.00
Belgium,BEL,2014,8059.00
Belgium,BEL,2015,7782.00
Belgium,BEL,2016,7584.00
Belgium,BEL,2017,7868.00
Belgium,BEL,2018,7830.00
Belgium,BEL,2019,7180.00
Belize,BLZ,1961,16.20
Belize,BLZ,1962,16.00
Belize,BLZ,1963,16.20
Belize,BLZ,1964,18.00
Belize,BLZ,1965,19.60
Belize,BLZ,1966,19.80
Belize,BLZ,1967,20.20
Belize,BLZ,1968,20.40
Belize,BLZ,1969,20.60
Belize,BLZ,1970,20.80
Belize,BLZ,1971,21.00
Belize,BLZ,1972,21.20
Belize,BLZ,1973,21.40
Belize,BLZ,1974,22.00
Belize,BLZ,1975,22.60
Belize,BLZ,1976,23.00
Belize,BLZ,1977,23.60
Belize,BLZ,1978,24.00
Belize,BLZ,1979,24.60
Belize,BLZ,1980,25.60
Belize,BLZ,1981,26.00
Belize,BLZ,1982,26.40
Belize,BLZ,1983,26.00
Belize,BLZ,1984,26.00
Belize,BLZ,1985,26.00
Belize,BLZ,1986,26.00
Belize,BLZ,1987,26.00
Belize,BLZ,1988,26.00
Belize,BLZ,1989,26.00
Belize,BLZ,1990,26.00
Belize,BLZ,1991,66.00
Belize,BLZ,1992,104.00
Belize,BLZ,1993,52.00
Belize,BLZ,1994,128.00
Belize,BLZ,1995,65.00
Belize,BLZ,1996,76.00
Belize,BLZ,1997,71.00
Belize,BLZ,1998,90.00
Belize,BLZ,1999,119.00
Belize,BLZ,2000,110.00
Belize,BLZ,2001,128.00
Belize,BLZ,2002,180.00
Belize,BLZ,2003,160.00
Belize,BLZ,2004,144.00
Belize,BLZ,2005,146.00
Belize,BLZ,2006,161.00
Belize,BLZ,2007,166.00
Belize,BLZ,2008,131.00
Belize,BLZ,2009,220.00
Belize,BLZ,2010,165.00
Belize,BLZ,2011,135.00
Belize,BLZ,2012,47.00
Belize,BLZ,2013,230.00
Belize,BLZ,2014,223.00
Belize,BLZ,2015,61.59
Belize,BLZ,2016,186.00
Belize,BLZ,2017,317.00
Belize,BLZ,2018,232.00
Belize,BLZ,2019,281.00
Belize,BLZ,2020,222.00
Belize,BLZ,2021,270.00
Bolivia,BOL,1961,159.75
Bolivia,BOL,1962,220.00
Bolivia,BOL,1963,242.00
Bolivia,BOL,1964,242.00
Bolivia,BOL,1965,244.42
Bolivia,BOL,1966,245.00
Bolivia,BOL,1967,272.25
Bolivia,BOL,1968,272.25
Bolivia,BOL,1969,269.50
Bolivia,BOL,1970,272.25
Bolivia,BOL,1971,269.50
Bolivia,BOL,1972,275.00
Bolivia,BOL,1973,275.00
Bolivia,BOL,1974,287.50
Bolivia,BOL,1975,300.00
Bolivia,BOL,1976,305.00
Bolivia,BOL,1977,310.00
Bolivia,BOL,1978,312.50
Bolivia,BOL,1979,317.50
Bolivia,BOL,1980,325.00
Bolivia,BOL,1981,325.00
Bolivia,BOL,1982,330.00
Bolivia,BOL,1983,350.00
Bolivia,BOL,1984,350.00
Bolivia,BOL,1985,350.00
Bolivia,BOL,1986,375.00
Bolivia,BOL,1987,375.00
Bolivia,BOL,1988,400.00
Bolivia,BOL,1989,400.00
Bolivia,BOL,1990,412.50
Bosnia and Herzegovina,BIH,1993,0.00
Bosnia and Herzegovina,BIH,1994,0.00
Bosnia and Herzegovina,BIH,1995,0.00
Bosnia and Herzegovina,BIH,1996,0.00
Bosnia and Herzegovina,BIH,1997,0.00
Bosnia and Herzegovina,BIH,1998,0.00
Bosnia and Herzegovina,BIH,1999,0.00
Bosnia and Herzegovina,BIH,2000,0.00
Bosnia and Herzegovina,BIH,2001,0.00
Bosnia and Herzegovina,BIH,2002,0.00
Bosnia and Herzegovina,BIH,2003,0.00
Bosnia and Herzegovina,BIH,2004,0.00
Bosnia and Herzegovina,BIH,2005,0.00
Bosnia and Herzegovina,BIH,2006,0.00
Bosnia and Herzegovina,BIH,2007,0.00
Bosnia and Herzegovina,BIH,2013,0.00
Bosnia and Herzegovina,BIH,2014,30.00
Bosnia and Herzegovina,BIH,2015,50.00
Bosnia and Herzegovina,BIH,2016,60.00
Bosnia and Herzegovina,BIH,2017,70.00
Bosnia and Herzegovina,BIH,2018,218.00
Bosnia and Herzegovina,BIH,2019,69.00
Bosnia and Herzegovina,BIH,2020,80.00
Bosnia and Herzegovina,BIH,2021,213.00
Brazil,BRA,1961,3800.00
Brazil,BRA,1962,4200.00
Brazil,BRA,1963,4500.00
Brazil,BRA,1964,5000.00
Brazil,BRA,1965,5600.00
Brazil,BRA,1966,6000.00
Brazil,BRA,1967,6100.00
Brazil,BRA,1968,6600.00
Brazil,BRA,1969,7000.00
Brazil,BRA,1970,7000.00
Brazil,BRA,1971,7800.00
Brazil,BRA,1972,8600.00
Brazil,BRA,1973,10000.00
Brazil,BRA,1974,13000.00
Brazil,BRA,1975,13700.00
Brazil,BRA,1976,10300.00
Brazil,BRA,1977,11800.00
Brazil,BRA,1978,12000.00
Brazil,BRA,1979,15000.00
Brazil,BRA,1980,19000.00
Brazil,BRA,1981,20000.00
Brazil,BRA,1982,21404.00
Brazil,BRA,1983,24854.00
Brazil,BRA,1984,34829.00
Brazil,BRA,1985,36026.00
Brazil,BRA,1986,38367.00
Brazil,BRA,1987,44922.00
Brazil,BRA,1988,43894.00
Brazil,BRA,1989,51940.00
Brazil,BRA,1990,53085.00
Brazil,BRA,1991,56231.00
Brazil,BRA,1992,67031.00
Brazil,BRA,1993,70800.00
Brazil,BRA,1994,75270.00
Brazil,BRA,1995,90000.00
Brazil,BRA,1996,92000.00
Brazil,BRA,1997,101000.00
Brazil,BRA,1998,107000.00
Brazil,BRA,1999,113000.00
Brazil,BRA,2000,137000.00
Brazil,BRA,2001,165000.00
Brazil,BRA,2002,182000.00
Brazil,BRA,2003,200000.00
Brazil,BRA,2004,220000.00
Brazil,BRA,2005,275000.00
Brazil,BRA,2006,290000.00
Brazil,BRA,2007,395000.00
Brazil,BRA,2008,465000.00
Brazil,BRA,2009,466000.00
Brazil,BRA,2010,485000.00
Brazil,BRA,2011,489000.00
Brazil,BRA,2012,510000.00
Brazil,BRA,2013,520000.00
Brazil,BRA,2014,470000.00
Brazil,BRA,2015,480000.00
Brazil,BRA,2016,528893.83
Brazil,BRA,2017,546236.29
Brazil,BRA,2018,548611.76
Brazil,BRA,2019,551181.01
Brazil,BRA,2020,561843.94
Brazil,BRA,2021,572603.19
Bulgaria,BGR,1991,1648.46
Bulgaria,BGR,1992,1401.88
Bulgaria,BGR,1993,1335.11
Bulgaria,BGR,1994,1497.71
Bulgaria,BGR,1995,1667.98
Bulgaria,BGR,1996,1700.00
Bulgaria,BGR,1997,1500.00
Bulgaria,BGR,1998,1800.00
Bulgaria,BGR,1999,2200.00
Bulgaria,BGR,2000,2000.00
Bulgaria,BGR,2001,2500.00
Bulgaria,BGR,2002,2800.00
Bulgaria,BGR,2003,3162.00
Bulgaria,BGR,2004,1700.00
Bulgaria,BGR,2005,1301.00
Bulgaria,BGR,2006,1425.00
Bulgaria,BGR,2007,1287.00
Bulgaria,BGR,2008,1157.00
Bulgaria,BGR,2009,2508.00
Bulgaria,BGR,2010,759.00
Bulgaria,BGR,2011,894.00
Bulgaria,BGR,2012,340.00
Bulgaria,BGR,2013,371.00
Bulgaria,BGR,2014,285.00
Bulgaria,BGR,2015,271.00
Bulgaria,BGR,2016,279.00
Bulgaria,BGR,2017,267.00
Bulgaria,BGR,2018,358.00
Bulgaria,BGR,2019,0.00
Burundi,BDI,1990,0.00
Burundi,BDI,1991,127.94
Burundi,BDI,1992,120.29
Burundi,BDI,1993,112.63
Burundi,BDI,1994,104.98
Burundi,BDI,1995,97.32
Burundi,BDI,1996,94.29
Burundi,BDI,1997,85.51
Burundi,BDI,1998,85.00
Burundi,BDI,1999,90.00
Burundi,BDI,2000,40.00
Burundi,BDI,2001,47.50
Burundi,BDI,2002,35.00
Burundi,BDI,2003,35.00
Burundi,BDI,2004,0.00
Burundi,BDI,2005,0.00
Burundi,BDI,2006,0.00
Burundi,BDI,2007,10.00
Burundi,BDI,2008,40.00
Burundi,BDI,2009,15.00
Burundi,BDI,2010,0.00
Burundi,BDI,2011,0.00
Burundi,BDI,2012,0.00
Burundi,BDI,2013,0.00
Burundi,BDI,2014,0.00
Burundi,BDI,2015,0.00
Burundi,BDI,2016,0.00
Burundi,BDI,2017,0.00
Burundi,BDI,2018,0.00
Burundi,BDI,2019,0.00
Burundi,BDI,2020,0.00
Burundi,BDI,2021,0.00
Canada,CAN,1961,65241.00
Canada,CAN,1962,66748.00
Canada,CAN,1963,66368.00
Canada,CAN,1964,73685.00
Canada,CAN,1965,84504.00
Canada,CAN,1966,96673.00
Canada,CAN,1967,94183.00
Canada,CAN,1968,90887.00
Canada,CAN,1969,91688.00
Canada,CAN,1970,102197.00
Canada,CAN,1971,101300.00
Canada,CAN,1972,95456.00
Canada,CAN,1973,103101.00
Canada,CAN,1974,108406.00
Canada,CAN,1975,84905.00
Canada,CAN,1976,93171.00
Canada,CAN,1977,94745.00
Canada,CAN,1978,89513.00
Canada,CAN,1979,102413.00
Canada,CAN,1980,100454.00
Canada,CAN,1981,95435.00
Canada,CAN,1982,97510.00
Canada,CAN,1983,96852.00
Canada,CAN,1984,97721.00
Canada,CAN,1985,102440.00
Canada,CAN,1986,105160.00
Canada,CAN,1987,114917.00
Canada,CAN,1988,118429.00
Canada,CAN,1989,120328.00
Canada,CAN,1990,128964.00
Canada,CAN,1991,130934.00
Canada,CAN,1992,131788.00
Canada,CAN,1993,127849.00
Canada,CAN,1994,133142.00
Canada,CAN,1995,142370.00
Canada,CAN,1996,145727.00
Canada,CAN,1997,142273.00
Canada,CAN,1998,139340.00
Canada,CAN,1999,139540.00
Canada,CAN,2000,152630.00
Canada,CAN,2001,149490.00
Canada,CAN,2002,146420.00
Canada,CAN,2003,149100.00
Canada,CAN,2004,145020.00
Canada,CAN,2005,155430.00
Canada,CAN,2006,163010.00
Canada,CAN,2007,169330.00
Canada,CAN,2008,179520.00
Canada,CAN,2009,166000.00
Canada,CAN,2010,158190.00
Canada,CAN,2011,159210.00
Canada,CAN,2012,160701.00
Canada,CAN,2013,168249.00
Canada,CAN,2014,167852.00
Canada,CAN,2015,171604.00
Canada,CAN,2016,183358.00
Canada,CAN,2017,171227.00
Canada,CAN,2018,168603.00
Canada,CAN,2019,165039.00
Canada,CAN,2020,158293.00
Canada,CAN,2021,158869.14
Chile,CHL,1991,0.00
Chile,CHL,1992,0.00
Chile,CHL,1993,0.00
Chile,CHL,1994,20533.00
Chile,CHL,1995,25047.00
Chile,CHL,1996,33017.00
Chile,CHL,1997,32502.00
Chile,CHL,1998,37278.00
Chile,CHL,1999,41843.00
Chile,CHL,2000,53592.00
Chile,CHL,2001,69686.00
Chile,CHL,2002,66676.00
Chile,CHL,2003,69782.00
Chile,CHL,2004,82284.00
Chile,CHL,2005,86962.00
Chile,CHL,2006,90399.00
Chile,CHL,2007,94706.00
Chile,CHL,2008,101909.00
Chile,CHL,2009,90600.00
Chile,CHL,2010,89954.00
Chile,CHL,2011,94953.00
Chile,CHL,2012,103087.00
Chile,CHL,2013,98094.00
Chile,CHL,2014,96802.00
Chile,CHL,2015,103581.18
Chile,CHL,2016,110747.15
Chile,CHL,2017,76905.27
Chile,CHL,2018,95074.51
Chile,CHL,2019,84372.88
Chile,CHL,2020,72215.31
Chile,CHL,2021,71614.16
China,CHN,1961,2600.00
China,CHN,1962,2650.00
China,CHN,1963,2780.00
China,CHN,1964,2950.00
China,CHN,1965,3300.00
China,CHN,1966,3600.00
China,CHN,1967,3780.00
China,CHN,1968,4000.00
China,CHN,1969,4180.00
China,CHN,1970,4350.00
China,CHN,1971,4400.00
China,CHN,1972,4600.00
China,CHN,1973,4840.00
China,CHN,1974,4980.00
China,CHN,1975,5250.00
China,CHN,1976,5510.00
China,CHN,1977,5590.00
China,CHN,1978,5592.00
China,CHN,1979,5636.00
China,CHN,1980,5524.00
China,CHN,1981,5240.00
China,CHN,1982,4952.00
China,CHN,1983,5101.00
China,CHN,1984,5068.00
China,CHN,1985,4629.00
China,CHN,1986,5503.00
China,CHN,1987,4420.00
China,CHN,1988,3660.00
China,CHN,1989,3577.00
China,CHN,1990,3016.00
China,CHN,1991,2530.00
China,CHN,1992,2162.00
China,CHN,1993,2073.00
China,CHN,1994,1823.00
China,CHN,1995,1651.00
China,CHN,1996,1583.00
China,CHN,1997,1707.00
China,CHN,1998,1718.00
China,CHN,1999,4762.00
China,CHN,2000,4872.00
China,CHN,2001,4999.00
China,CHN,2002,4227.00
China,CHN,2003,3975.00
China,CHN,2004,4212.00
China,CHN,2005,4290.00
China,CHN,2006,3805.00
China,CHN,2007,3863.00
China,CHN,2008,3588.00
China,CHN,2009,2946.00
China,CHN,2010,2947.00
China,CHN,2011,3394.00
China,CHN,2012,3746.00
China,CHN,2013,3493.00
China,CHN,2014,3357.00
China,CHN,2015,3116.00
China,CHN,2016,2915.00
China,CHN,2017,2927.00
China,CHN,2018,2817.00
China,CHN,2019,2535.00
China,CHN,2020,3068.09
China,CHN,2021,2736.00
Croatia,HRV,1992,8000.00
Croatia,HRV,1993,8000.00
Croatia,HRV,1994,9732.00
Croatia,HRV,1995,9435.00
Croatia,HRV,1996,9289.00
Croatia,HRV,1997,9300.00
Croatia,HRV,1998,6502.00
Croatia,HRV,1999,6600.00
Croatia,HRV,2000,6600.00
Croatia,HRV,2001,6600.00
Croatia,HRV,2002,7063.00
Croatia,HRV,2003,7507.00
Croatia,HRV,2004,11359.00
Croatia,HRV,2005,8500.00
Croatia,HRV,2006,8100.00
Croatia,HRV,2007,8500.00
Croatia,HRV,2008,8400.00
Croatia,HRV,2009,7800.00
Croatia,HRV,2010,6000.00
Croatia,HRV,2011,5600.00
Croatia,HRV,2012,13600.00
Croatia,HRV,2013,9900.00
Croatia,HRV,2014,9800.00
Croatia,HRV,2015,11400.00
Croatia,HRV,2016,12906.00
Croatia,HRV,2017,12704.00
Cyprus,CYP,1961,550.00
Cyprus,CYP,1962,577.50
Cyprus,CYP,1963,605.00
Cyprus,CYP,1964,550.00
Cyprus,CYP,1965,275.00
Cyprus,CYP,1966,275.00
Cyprus,CYP,1967,275.00
Cyprus,CYP,1968,302.50
Cyprus,CYP,1969,297.00
Cyprus,CYP,1970,297.00
Cyprus,CYP,1971,291.50
Cyprus,CYP,1972,286.00
Cyprus,CYP,1973,82.50
Cyprus,CYP,1974,71.50
Cyprus,CYP,1975,82.50
Cyprus,CYP,1976,121.00
Cyprus,CYP,1977,275.00
Cyprus,CYP,1978,220.00
Cyprus,CYP,1979,220.00
Cyprus,CYP,1980,220.00
Cyprus,CYP,1981,275.00
Cyprus,CYP,1982,247.50
Cyprus,CYP,1983,500.50
Cyprus,CYP,1984,401.50
Cyprus,CYP,1985,264.00
Cyprus,CYP,1986,467.50
Cyprus,CYP,1987,539.00
Cyprus,CYP,1988,599.50
Cyprus,CYP,1989,594.00
Cyprus,CYP,1990,665.50
Cyprus,CYP,1991,825.00
Cyprus,CYP,1992,1573.00
Cyprus,CYP,1993,874.50
Cyprus,CYP,1994,880.00
Cyprus,CYP,1995,1320.00
Cyprus,CYP,1996,924.00
Cyprus,CYP,1997,924.00
Cyprus,CYP,1998,1248.50
Cyprus,CYP,1999,1056.00
Cyprus,CYP,2000,1149.50
Cyprus,CYP,2001,1212.00
Cyprus,CYP,2002,1167.00
Cyprus,CYP,2003,811.00
Cyprus,CYP,2004,783.00
Cyprus,CYP,2005,633.00
Cyprus,CYP,2006,561.00
Cyprus,CYP,2007,395.00
Cyprus,CYP,2008,341.00
Cyprus,CYP,2009,260.00
Cyprus,CYP,2010,233.00
Cyprus,CYP,2011,180.00
Cyprus,CYP,2012,150.00
Cyprus,CYP,2013,149.00
Cyprus,CYP,2014,159.00
Cyprus,CYP,2015,165.00
Cyprus,CYP,2016,162.33
Cyprus,CYP,2017,197.67
Cyprus,CYP,2018,170.00
Cyprus,CYP,2019,200.00
Cyprus,CYP,2020,150.00
Cyprus,CYP,2021,160.00
Czechoslovakia,CSK,1961,2195.20
Czechoslovakia,CSK,1962,2156.00
Czechoslovakia,CSK,1963,2195.20
Czechoslovakia,CSK,1964,2450.00
Czechoslovakia,CSK,1965,2489.20
Czechoslovakia,CSK,1966,2391.20
Czechoslovakia,CSK,1967,2587.20
Czechoslovakia,CSK,1968,2685.20
Czechoslovakia,CSK,1969,3116.40
Czechoslovakia,CSK,1970,3292.80
Czechoslovakia,CSK,1971,4370.80
Czechoslovakia,CSK,1972,4900.00
Czechoslovakia,CSK,1973,5390.00
Czechoslovakia,CSK,1974,5439.00
Czechoslovakia,CSK,1975,7595.00
Czechoslovakia,CSK,1976,7815.50
Czechoslovakia,CSK,1977,9212.00
Czechoslovakia,CSK,1978,14112.00
Czechoslovakia,CSK,1979,14504.00
Czechoslovakia,CSK,1980,15998.50
Czechoslovakia,CSK,1981,18081.00
Czechoslovakia,CSK,1982,19894.00
Czechoslovakia,CSK,1983,17787.00
Czechoslovakia,CSK,1984,19502.00
Czechoslovakia,CSK,1985,19600.00
Czechoslovakia,CSK,1986,19845.00
Czechoslovakia,CSK,1987,21756.00
Czechoslovakia,CSK,1988,23177.00
Czechoslovakia,CSK,1989,22540.00
Czechoslovakia,CSK,1990,22540.00
Czechoslovakia,CSK,1991,20874.00
Czechoslovakia,CSK,1992,20825.00
Denmark,DNK,1961,1250.00
Denmark,DNK,1962,1190.00
Denmark,DNK,1963,1220.00
Denmark,DNK,1964,2250.00
Denmark,DNK,1965,2100.00
Denmark,DNK,1966,3500.00
Denmark,DNK,1967,4400.00
Denmark,DNK,1968,4300.00
Denmark,DNK,1969,3900.00
Denmark,DNK,1970,4700.00
Denmark,DNK,1971,5200.00
Denmark,DNK,1972,5100.00
Denmark,DNK,1973,5300.00
Denmark,DNK,1974,5400.00
Denmark,DNK,1975,3200.00
Denmark,DNK,1976,4100.00
Denmark,DNK,1977,4900.00
Denmark,DNK,1978,4100.00
Denmark,DNK,1979,4500.00
Denmark,DNK,1980,3500.00
Denmark,DNK,1981,2813.00
Denmark,DNK,1982,3480.00
Denmark,DNK,1983,4169.00
Denmark,DNK,1984,2973.00
Denmark,DNK,1985,2936.00
Denmark,DNK,1986,3977.00
Denmark,DNK,1987,2284.00
Denmark,DNK,1988,2167.00
Denmark,DNK,1989,3100.00
Denmark,DNK,1990,2543.00
Denmark,DNK,1991,4430.00
Denmark,DNK,1992,5382.00
Denmark,DNK,1993,9387.00
Denmark,DNK,1994,8574.00
Denmark,DNK,1995,9800.00
Denmark,DNK,1996,9300.00
Denmark,DNK,1997,11000.00
Denmark,DNK,1998,11600.00
Denmark,DNK,1999,11100.00
Denmark,DNK,2000,10300.00
Denmark,DNK,2001,12600.00
Denmark,DNK,2002,11500.00
Denmark,DNK,2003,7400.00
Denmark,DNK,2004,1000.00
Denmark,DNK,2005,474.00
Denmark,DNK,2006,265.00
Denmark,DNK,2007,766.97
Denmark,DNK,2008,636.88
Denmark,DNK,2009,478.97
Denmark,DNK,2010,439.87
Denmark,DNK,2011,20.96
Denmark,DNK,2012,57.12
Denmark,DNK,2013,42.20
Denmark,DNK,2014,43.01
Denmark,DNK,2015,75.40
Denmark,DNK,2016,31.29
Denmark,DNK,2017,10.40
Denmark,DNK,2018,0.00
Denmark,DNK,2019,0.00
Denmark,DNK,2020,0.00
Denmark,DNK,2021,0.00
Ecuador,ECU,1961,9.36
Ecuador,ECU,1962,9.84
Ecuador,ECU,1963,10.32
Ecuador,ECU,1964,10.83
Ecuador,ECU,1965,11.28
Ecuador,ECU,1966,11.28
Ecuador,ECU,1967,11.76
Ecuador,ECU,1968,11.64
Ecuador,ECU,1969,11.64
Ecuador,ECU,1970,11.76
Ecuador,ECU,1971,11.64
Ecuador,ECU,1972,11.64
Ecuador,ECU,1973,11.70
Ecuador,ECU,1974,11.85
Ecuador,ECU,1975,12.00
Ecuador,ECU,1976,12.00
Ecuador,ECU,1977,12.30
Ecuador,ECU,1978,12.60
Ecuador,ECU,1979,12.75
Ecuador,ECU,1980,13.50
Ecuador,ECU,1981,15.00
Ecuador,ECU,1982,16.50
Ecuador,ECU,1983,16.50
Ecuador,ECU,1984,16.50
Ecuador,ECU,1985,16.50
Ecuador,ECU,1986,19.50
Ecuador,ECU,1987,19.50
Ecuador,ECU,1988,19.50
Ecuador,ECU,1989,19.50
Ecuador,ECU,1990,24.00
Ecuador,ECU,1991,24.00
Ecuador,ECU,1992,24.00
Ecuador,ECU,1993,24.00
Ecuador,ECU,1994,24.00
Ecuador,ECU,1995,24.00
Ecuador,ECU,1996,31.50
Ecuador,ECU,1997,51.00
Ecuador,ECU,1998,40.50
Ecuador,ECU,1999,46.50
Ecuador,ECU,2000,307.50
Ecuador,ECU,2001,421.50
Ecuador,ECU,2002,438.00
Ecuador,ECU,2003,643.50
Ecuador,ECU,2004,759.00
Ecuador,ECU,2005,750.00
Ecuador,ECU,2006,780.00
Ecuador,ECU,2007,1050.00
Ecuador,ECU,2008,1080.00
Ecuador,ECU,2009,1387.50
Ecuador,ECU,2010,1620.00
Ecuador,ECU,2011,1950.00
Ecuador,ECU,2012,577.18
Ecuador,ECU,2013,834.17
Ecuador,ECU,2014,3364.76
Ecuador,ECU,2015,1946.55
Ecuador,ECU,2016,1921.51
Ecuador,ECU,2017,1505.00
Ecuador,ECU,2018,1618.18
Ecuador,ECU,2019,1727.82
Ecuador,ECU,2020,1188.88
Ecuador,ECU,2021,2072.23
Egypt,EGY,1961,2900.00
Egypt,EGY,1962,2950.00
Egypt,EGY,1963,2950.00
Egypt,EGY,1964,3000.00
Egypt,EGY,1965,3050.00
Egypt,EGY,1966,3050.00
Egypt,EGY,1967,3100.00
Egypt,EGY,1968,3150.00
Egypt,EGY,1969,3225.00
Egypt,EGY,1970,3275.00
Egypt,EGY,1971,3320.00
Egypt,EGY,1972,3365.00
Egypt,EGY,1973,3405.00
Egypt,EGY,1974,3455.00
Egypt,EGY,1975,3495.00
Egypt,EGY,1976,3545.00
Egypt,EGY,1977,3590.00
Egypt,EGY,1978,3635.00
Egypt,EGY,1979,3680.00
Egypt,EGY,1980,3730.00
Egypt,EGY,1981,3775.00
Egypt,EGY,1982,4200.00
Egypt,EGY,1983,4875.00
Egypt,EGY,1984,5625.00
Egypt,EGY,1985,6265.00
Egypt,EGY,1986,6360.00
Egypt,EGY,1987,6450.00
Egypt,EGY,1988,6545.00
Egypt,EGY,1989,6700.00
Egypt,EGY,1990,6750.00
Egypt,EGY,1991,6545.00
Egypt,EGY,1992,6800.00
Egypt,EGY,1993,7060.00
Egypt,EGY,1994,9075.00
Egypt,EGY,1995,7000.00
Egypt,EGY,1996,7000.00
Egypt,EGY,1997,7000.00
Egypt,EGY,1998,7000.00
Egypt,EGY,1999,7000.00
Egypt,EGY,2000,7000.00
Egypt,EGY,2001,7000.00
Egypt,EGY,2002,7000.00
Egypt,EGY,2003,7000.00
Egypt,EGY,2004,7000.00
Egypt,EGY,2005,7000.00
Egypt,EGY,2006,7400.00
Egypt,EGY,2007,7700.00
Egypt,EGY,2008,8200.00
Egypt,EGY,2009,7709.00
Egypt,EGY,2010,7035.00
Egypt,EGY,2011,7672.00
Egypt,EGY,2012,8886.00
Egypt,EGY,2013,9893.00
Egypt,EGY,2014,12000.00
Egypt,EGY,2015,16708.00
Egypt,EGY,2016,19405.00
Egypt,EGY,2017,21424.00
Egypt,EGY,2018,20381.00
Egypt,EGY,2019,19000.00
Egypt,EGY,2020,25000.00
Egypt,EGY,2021,20931.69
Estonia,EST,2018,0.00
Estonia,EST,2019,0.00
Estonia,EST,2020,0.00
Estonia,EST,2021,0.00
Fiji,FJI,1961,1.50
Fiji,FJI,1962,1.50
Fiji,FJI,1963,3.00
Fiji,FJI,1964,4.50
Fiji,FJI,1965,6.00
Fiji,FJI,1966,7.50
Fiji,FJI,1967,12.00
Fiji,FJI,1968,16.50
Fiji,FJI,1969,19.50
Fiji,FJI,1970,22.50
Fiji,FJI,1971,24.00
Fiji,FJI,1972,25.50
Fiji,FJI,1973,28.50
Fiji,FJI,1974,31.50
Fiji,FJI,1975,33.00
Fiji,FJI,1976,34.50
Fiji,FJI,1977,37.50
Fiji,FJI,1978,39.00
Fiji,FJI,1979,40.50
Fiji,FJI,1980,42.00
Fiji,FJI,1981,43.50
Fiji,FJI,1982,45.00
Fiji,FJI,1983,46.50
Fiji,FJI,1984,48.00
Fiji,FJI,1985,52.50
Fiji,FJI,1986,55.50
Fiji,FJI,1987,55.50
Fiji,FJI,1988,60.00
Fiji,FJI,1989,60.00
Fiji,FJI,1990,67.50
Fiji,FJI,1991,70.50
Fiji,FJI,1992,67.50
Fiji,FJI,1993,69.00
Fiji,FJI,1994,72.00
Fiji,FJI,1995,75.00
Fiji,FJI,1996,75.00
Fiji,FJI,1997,75.00
Fiji,FJI,1998,79.50
Fiji,FJI,1999,79.50
Fiji,FJI,2000,85.50
Fiji,FJI,2001,85.50
Fiji,FJI,2002,85.50
Fiji,FJI,2003,85.50
Fiji,FJI,2004,85.50
Fiji,FJI,2005,90.00
Fiji,FJI,2006,90.00
Fiji,FJI,2007,97.50
Fiji,FJI,2008,97.50
Fiji,FJI,2009,97.50
Fiji,FJI,2010,102.00
Fiji,FJI,2011,102.00
Fiji,FJI,2012,101.86
Fiji,FJI,2013,101.15
Fiji,FJI,2014,98.39
Fiji,FJI,2015,98.77
Fiji,FJI,2016,101.64
Fiji,FJI,2017,103.95
Fiji,FJI,2018,105.58
Fiji,FJI,2019,106.06
Fiji,FJI,2020,107.11
Fiji,FJI,2021,108.22
Finland,FIN,1989,3250.00
Finland,FIN,1990,3250.00
Finland,FIN,1991,3250.00
Finland,FIN,1992,3250.00
Finland,FIN,1993,3250.00
Finland,FIN,1994,3250.00
Finland,FIN,1995,3250.00
Finland,FIN,1996,1180.00
Finland,FIN,1997,1350.00
Finland,FIN,1998,2500.00
Finland,FIN,1999,3980.00
Finland,FIN,2000,5570.00
Finland,FIN,2001,8860.00
Finland,FIN,2002,12170.00
Finland,FIN,2003,14310.00
Finland,FIN,2004,14500.00
Finland,FIN,2005,13790.00
Finland,FIN,2006,12290.00
Finland,FIN,2007,11390.00
Finland,FIN,2008,9970.00
Finland,FIN,2009,8630.00
Finland,FIN,2010,8650.00
Finland,FIN,2011,7930.00
Finland,FIN,2012,8090.00
Finland,FIN,2013,7360.00
Finland,FIN,2014,7310.00
Finland,FIN,2015,7469.00
Finland,FIN,2016,7940.00
Finland,FIN,2017,8009.00
Finland,FIN,2018,8130.00
Finland,FIN,2019,8370.00
Finland,FIN,2020,8430.00
Finland,FIN,2021,8560.00
France,FRA,1961,41700.00
France,FRA,1962,41700.00
France,FRA,1963,41700.00
France,FRA,1964,41700.00
France,FRA,1965,41700.00
France,FRA,1966,42400.00
France,FRA,1967,43700.00
France,FRA,1968,44000.00
France,FRA,1969,53350.00
France,FRA,1970,56456.00
France,FRA,1971,57785.00
France,FRA,1972,63448.00
France,FRA,1973,106874.00
France,FRA,1974,122500.00
France,FRA,1975,107875.00
France,FRA,1976,128618.00
France,FRA,1977,138000.00
France,FRA,1978,150200.00
France,FRA,1979,158500.00
France,FRA,1980,203000.00
France,FRA,1981,218000.00
France,FRA,1982,236000.00
France,FRA,1983,244000.00
France,FRA,1984,246000.00
France,FRA,1985,253000.00
France,FRA,1986,293300.00
France,FRA,1987,307900.00
France,FRA,1988,332400.00
France,FRA,1989,386800.00
France,FRA,1990,439000.00
France,FRA,1991,116038.93
France,FRA,1992,130599.35
France,FRA,1993,142427.86
France,FRA,1994,166208.27
France,FRA,1995,194549.15
France,FRA,1996,206681.80
France,FRA,1997,230830.59
France,FRA,1998,253841.13
France,FRA,1999,224946.91
France,FRA,2000,763544.00
France,FRA,2001,753083.00
France,FRA,2002,696743.00
France,FRA,2003,634604.00
France,FRA,2004,615517.00
France,FRA,2005,564015.00
France,FRA,2006,518794.00
France,FRA,2007,511477.00
France,FRA,2008,448691.70
France,FRA,2009,419378.10
France,FRA,2010,404567.30
France,FRA,2011,398082.00
France,FRA,2012,387075.00
France,FRA,2013,340434.00
France,FRA,2014,377877.00
France,FRA,2015,352577.00
France,FRA,2016,393992.00
France,FRA,2017,374793.00
France,FRA,2018,331000.00
France,FRA,2019,317000.00
France,FRA,2020,321000.00
France,FRA,2021,295000.00
Georgia,GEO,2015,0.00
Georgia,GEO,2016,400.00
Georgia,GEO,2017,300.00
Georgia,GEO,2018,300.00
Georgia,GEO,2019,300.00
Georgia,GEO,2020,400.00
Georgia,GEO,2021,300.00
Germany,DEU,1961,7000.00
Germany,DEU,1962,7000.00
Germany,DEU,1963,8000.00
Germany,DEU,1964,9000.00
Germany,DEU,1965,9000.00
Germany,DEU,1966,11000.00
Germany,DEU,1967,13000.00
Germany,DEU,1968,13000.00
Germany,DEU,1969,14000.00
Germany,DEU,1970,16000.00
Germany,DEU,1971,17000.00
Germany,DEU,1972,17000.00
Germany,DEU,1973,17000.00
Germany,DEU,1974,17000.00
Germany,DEU,1975,17000.00
Germany,DEU,1976,20000.00
Germany,DEU,1977,29000.00
Germany,DEU,1978,38000.00
Germany,DEU,1979,41000.00
Germany,DEU,1980,44000.00
Germany,DEU,1981,42000.00
Germany,DEU,1982,47000.00
Germany,DEU,1983,52000.00
Germany,DEU,1984,57000.00
Germany,DEU,1985,60100.00
Germany,DEU,1986,72500.00
Germany,DEU,1987,80000.00
Germany,DEU,1988,95000.00
Germany,DEU,1989,104500.00
Germany,DEU,1990,127500.00
Germany,DEU,1991,153000.00
Germany,DEU,1992,170000.00
Germany,DEU,1993,180000.00
Germany,DEU,1994,194000.00
Germany,DEU,1995,215000.00
Germany,DEU,1996,207900.00
Germany,DEU,1997,243000.00
Germany,DEU,1998,255500.00
Germany,DEU,1999,271000.00
Germany,DEU,2000,295500.00
Germany,DEU,2001,339000.00
Germany,DEU,2002,365000.00
Germany,DEU,2003,361500.00
Germany,DEU,2004,390741.00
Germany,DEU,2005,384765.00
Germany,DEU,2006,375996.00
Germany,DEU,2007,374880.00
Germany,DEU,2008,436312.00
Germany,DEU,2009,438005.00
Germany,DEU,2010,478481.00
Germany,DEU,2011,467354.00
Germany,DEU,2012,464155.00
Germany,DEU,2013,458075.00
Germany,DEU,2014,469100.00
Germany,DEU,2015,464800.00
Germany,DEU,2016,483263.00
Germany,DEU,2017,465598.00
Germany,DEU,2018,467000.00
Germany,DEU,2019,471000.00
Germany,DEU,2020,476000.00
Germany,DEU,2021,441000.00
Greece,GRC,1961,2289.00
Greece,GRC,1962,2331.00
Greece,GRC,1963,2386.73
Greece,GRC,1964,2050.23
Greece,GRC,1965,2482.20
Greece,GRC,1966,1969.80
Greece,GRC,1967,2373.00
Greece,GRC,1968,2427.60
Greece,GRC,1969,2125.20
Greece,GRC,1970,1562.40
Greece,GRC,1971,1680.00
Greece,GRC,1972,1701.00
Greece,GRC,1973,1743.00
Greece,GRC,1974,1806.00
Greece,GRC,1975,1848.00
Greece,GRC,1976,1890.00
Greece,GRC,1977,2520.00
Greece,GRC,1978,2646.00
Greece,GRC,1979,2688.00
Greece,GRC,1980,2751.00
Greece,GRC,1981,2793.00
Greece,GRC,1982,2856.00
Greece,GRC,1983,2898.00
Greece,GRC,1984,2940.00
Greece,GRC,1985,3003.00
Greece,GRC,1986,3045.00
Greece,GRC,1987,3108.00
Greece,GRC,1988,3150.00
Greece,GRC,1989,3192.00
Greece,GRC,1990,3192.00
Greece,GRC,1991,2730.00
Greece,GRC,1992,2310.00
Greece,GRC,1993,2520.00
Greece,GRC,1994,2436.00
Greece,GRC,1995,2100.00
Greece,GRC,1996,2310.00
Greece,GRC,1997,2310.00
Greece,GRC,1998,2310.00
Greece,GRC,1999,2100.00
Greece,GRC,2000,2100.00
Greece,GRC,2001,2100.00
Greece,GRC,2002,2100.00
Greece,GRC,2003,2100.00
Greece,GRC,2004,2100.00
Greece,GRC,2005,2100.00
Greece,GRC,2006,2100.00
Greece,GRC,2007,2100.00
Greece,GRC,2008,2100.00
Greece,GRC,2009,2184.00
Greece,GRC,2010,2184.00
Greece,GRC,2011,2184.00
Greece,GRC,2012,1914.15
Greece,GRC,2013,1859.34
Greece,GRC,2014,1848.43
Greece,GRC,2015,1786.43
Greece,GRC,2016,1764.00
Greece,GRC,2017,1722.00
Greece,GRC,2018,2410.00
Greece,GRC,2019,2390.00
Greece,GRC,2020,2870.00
Greece,GRC,2021,3100.00
Guadeloupe,GLP,1981,15.00
Guadeloupe,GLP,1982,15.00
Guadeloupe,GLP,1983,15.00
Guadeloupe,GLP,1984,30.00
Guadeloupe,GLP,1985,150.00
Guadeloupe,GLP,1986,140.00
Guadeloupe,GLP,1987,120.00
Guadeloupe,GLP,1988,90.00
Guadeloupe,GLP,1989,80.00
Guadeloupe,GLP,1990,50.00
Guadeloupe,GLP,1991,40.00
Guadeloupe,GLP,1992,25.00
Guadeloupe,GLP,1993,5.00
Guadeloupe,GLP,1994,10.00
Guadeloupe,GLP,1995,18.00
Guadeloupe,GLP,1996,18.00
Guadeloupe,GLP,1997,63.00
Guadeloupe,GLP,1998,109.00
Guadeloupe,GLP,1999,109.00
Guadeloupe,GLP,2000,119.00
Guadeloupe,GLP,2001,118.00
Guadeloupe,GLP,2002,108.00
Guadeloupe,GLP,2003,101.00
Guadeloupe,GLP,2004,110.00
Guadeloupe,GLP,2005,115.00
Guadeloupe,GLP,2006,120.00
Haiti,HTI,1961,204.00
Haiti,HTI,1962,205.50
Haiti,HTI,1963,207.00
Haiti,HTI,1964,208.50
Haiti,HTI,1965,210.00
Haiti,HTI,1966,211.50
Haiti,HTI,1967,213.00
Haiti,HTI,1968,214.50
Haiti,HTI,1969,216.00
Haiti,HTI,1970,216.00
Haiti,HTI,1971,217.50
Haiti,HTI,1972,219.00
Haiti,HTI,1973,220.50
Haiti,HTI,1974,222.00
Haiti,HTI,1975,223.50
Haiti,HTI,1976,225.00
Haiti,HTI,1977,225.00
Haiti,HTI,1978,226.50
Haiti,HTI,1979,228.00
Haiti,HTI,1980,229.50
Haiti,HTI,1981,231.00
Haiti,HTI,1982,232.50
Haiti,HTI,1983,234.00
Haiti,HTI,1984,234.00
Haiti,HTI,1985,234.00
Haiti,HTI,1986,234.00
Haiti,HTI,1987,255.00
Haiti,HTI,1988,255.00
Haiti,HTI,1989,255.00
Haiti,HTI,1990,270.00
Haiti,HTI,1991,270.00
Haiti,HTI,1992,240.00
Haiti,HTI,1993,240.00
Haiti,HTI,1994,240.00
Haiti,HTI,1995,240.00
Haiti,HTI,1996,240.00
Haiti,HTI,1997,240.00
Haiti,HTI,1998,240.00
Haiti,HTI,1999,240.00
Haiti,HTI,2000,240.00
Haiti,HTI,2001,247.50
Haiti,HTI,2002,247.50
Haiti,HTI,2003,255.00
Haiti,HTI,2004,262.50
Haiti,HTI,2005,262.50
Haiti,HTI,2006,262.50
Haiti,HTI,2007,262.50
Haiti,HTI,2008,262.50
Haiti,HTI,2009,262.50
Haiti,HTI,2010,262.50
Haiti,HTI,2011,262.50
Haiti,HTI,2012,262.50
Haiti,HTI,2013,262.50
Haiti,HTI,2014,262.71
Haiti,HTI,2015,262.70
Haiti,HTI,2016,263.01
Haiti,HTI,2017,262.99
Haiti,HTI,2018,262.94
Haiti,HTI,2019,262.66
Haiti,HTI,2020,262.77
Haiti,HTI,2021,262.89
Hungary,HUN,1961,2500.00
Hungary,HUN,1962,3000.00
Hungary,HUN,1963,2500.00
Hungary,HUN,1964,3500.00
Hungary,HUN,1965,4000.00
Hungary,HUN,1966,2500.00
Hungary,HUN,1967,4000.00
Hungary,HUN,1968,2800.00
Hungary,HUN,1969,1500.00
Hungary,HUN,1970,8000.00
Hungary,HUN,1971,11000.00
Hungary,HUN,1972,12000.00
Hungary,HUN,1973,13000.00
Hungary,HUN,1974,9000.00
Hungary,HUN,1975,10000.00
Hungary,HUN,1976,8000.00
Hungary,HUN,1977,9000.00
Hungary,HUN,1978,11500.00
Hungary,HUN,1979,13500.00
Hungary,HUN,1980,13500.00
Hungary,HUN,1981,13800.00
Hungary,HUN,1982,12500.00
Hungary,HUN,1983,15800.00
Hungary,HUN,1984,15500.00
Hungary,HUN,1985,19000.00
Hungary,HUN,1986,21400.00
Hungary,HUN,1987,22800.00
Hungary,HUN,1988,26000.00
Hungary,HUN,1989,35400.00
Hungary,HUN,1990,46200.00
Hungary,HUN,1991,31800.00
Hungary,HUN,1992,26500.00
Hungary,HUN,1993,27600.00
Hungary,HUN,1994,26400.00
Hungary,HUN,1995,46000.00
Hungary,HUN,1996,46800.00
Hungary,HUN,1997,70382.00
Hungary,HUN,1998,74805.00
Hungary,HUN,1999,76200.00
Hungary,HUN,2000,98000.00
Hungary,HUN,2001,110000.00
Hungary,HUN,2002,126580.00
Hungary,HUN,2003,112423.00
Hungary,HUN,2004,127332.00
Hungary,HUN,2005,98198.00
Hungary,HUN,2006,102304.00
Hungary,HUN,2007,103176.00
Hungary,HUN,2008,101905.00
Hungary,HUN,2009,94130.00
Hungary,HUN,2010,84979.00
Hungary,HUN,2011,82988.00
Hungary,HUN,2012,84359.00
Hungary,HUN,2013,70061.00
Hungary,HUN,2014,70999.00
Hungary,HUN,2015,76829.00
Hungary,HUN,2016,81506.00
Hungary,HUN,2017,78252.00
Hungary,HUN,2018,79360.00
Hungary,HUN,2019,78260.00
Hungary,HUN,2020,80760.00
Hungary,HUN,2021,73330.00
Iceland,ISL,2017,0.00
Iceland,ISL,2018,277.00
Iceland,ISL,2019,319.00
Iceland,ISL,2020,309.00
Iceland,ISL,2021,297.00
Iran,IRN,1961,1050.00
Iran,IRN,1962,1065.00
Iran,IRN,1963,1080.00
Iran,IRN,1964,1095.00
Iran,IRN,1965,1110.00
Iran,IRN,1966,1140.00
Iran,IRN,1967,1170.00
Iran,IRN,1968,1200.00
Iran,IRN,1969,1230.00
Iran,IRN,1970,1275.00
Iran,IRN,1971,1320.00
Iran,IRN,1972,1365.00
Iran,IRN,1973,1410.00
Iran,IRN,1974,1458.00
Iran,IRN,1975,1446.00
Iran,IRN,1976,1530.00
Iran,IRN,1977,1614.00
Iran,IRN,1978,1650.00
Iran,IRN,1979,1710.00
Iran,IRN,1980,1755.00
Iran,IRN,1981,1800.00
Iran,IRN,1982,1854.00
Iran,IRN,1983,1950.00
Iran,IRN,1984,2100.00
Iran,IRN,1985,2400.00
Iran,IRN,1986,2700.00
Iran,IRN,1987,3129.00
Iran,IRN,1988,3300.00
Iran,IRN,1989,3600.00
Iran,IRN,1990,4200.00
Iran,IRN,1991,4800.00
Iran,IRN,1992,5400.00
Iran,IRN,1993,6069.00
Iran,IRN,1994,6600.00
Iran,IRN,1995,6600.00
Iran,IRN,1996,6900.00
Iran,IRN,1997,6900.00
Iran,IRN,1998,6300.00
Iran,IRN,1999,6000.00
Iran,IRN,2000,6000.00
Iran,IRN,2001,6000.00
Iran,IRN,2002,6000.00
Iran,IRN,2003,6000.00
Iran,IRN,2004,6000.00
Iran,IRN,2005,6000.00
Iran,IRN,2006,6000.00
Iran,IRN,2007,6000.00
Iran,IRN,2008,6000.00
Iran,IRN,2009,6000.00
Iran,IRN,2010,6000.00
Iran,IRN,2011,6000.00
Iran,IRN,2012,6006.69
Iran,IRN,2013,6015.13
Iran,IRN,2014,6038.41
Iran,IRN,2015,6043.24
Iran,IRN,2016,6048.08
Iran,IRN,2017,6051.71
Iran,IRN,2018,5541.02
Iran,IRN,2019,5266.77
Iran,IRN,2020,5031.26
Iran,IRN,2021,4808.79
Ireland,IRL,1961,5000.00
Ireland,IRL,1962,5000.00
Ireland,IRL,1963,5000.00
Ireland,IRL,1964,5400.00
Ireland,IRL,1965,5400.00
Ireland,IRL,1966,4800.00
Ireland,IRL,1967,4800.00
Ireland,IRL,1968,4800.00
Ireland,IRL,1969,4800.00
Ireland,IRL,1970,4800.00
Ireland,IRL,1971,5400.00
Ireland,IRL,1972,4800.00
Ireland,IRL,1973,4800.00
Ireland,IRL,1974,6600.00
Ireland,IRL,1975,6000.00
Ireland,IRL,1976,6000.00
Ireland,IRL,1977,7200.00
Ireland,IRL,1978,7800.00
Ireland,IRL,1979,8400.00
Ireland,IRL,1980,7200.00
Ireland,IRL,1981,9800.00
Ireland,IRL,1982,13300.00
Ireland,IRL,1983,14700.00
Ireland,IRL,1984,14600.00
Ireland,IRL,1985,15900.00
Ireland,IRL,1986,16700.00
Ireland,IRL,1987,17500.00
Ireland,IRL,1988,18900.00
Ireland,IRL,1989,21000.00
Ireland,IRL,1990,26600.00
Ireland,IRL,1991,34400.00
Ireland,IRL,1992,32200.00
Ireland,IRL,1993,26900.00
Ireland,IRL,1994,30100.00
Ireland,IRL,1995,26900.00
Ireland,IRL,1996,27000.00
Ireland,IRL,1997,29600.00
Ireland,IRL,1998,29000.00
Ireland,IRL,1999,33000.00
Ireland,IRL,2000,34000.00
Ireland,IRL,2001,30000.00
Ireland,IRL,2002,30000.00
Ireland,IRL,2003,29000.00
Ireland,IRL,2004,33500.00
Ireland,IRL,2005,33500.00
Ireland,IRL,2006,29400.00
Ireland,IRL,2007,26400.00
Ireland,IRL,2008,27300.00
Ireland,IRL,2009,24500.00
Ireland,IRL,2010,26000.00
Ireland,IRL,2011,28000.00
Ireland,IRL,2012,28000.00
Ireland,IRL,2013,27644.57
Ireland,IRL,2014,28335.86
Ireland,IRL,2015,28418.02
Ireland,IRL,2016,29211.83
Ireland,IRL,2017,13080.00
Ireland,IRL,2018,13520.00
Ireland,IRL,2019,12990.00
Ireland,IRL,2020,13560.00
Ireland,IRL,2021,15130.00
Israel,ISR,1961,4000.00
Israel,ISR,1962,4000.00
Israel,ISR,1963,5000.00
Israel,ISR,1964,5000.00
Israel,ISR,1965,5000.00
Israel,ISR,1966,5600.00
Israel,ISR,1967,6500.00
Israel,ISR,1968,7200.00
Israel,ISR,1969,9500.00
Israel,ISR,1970,12000.00
Israel,ISR,1971,14500.00
Israel,ISR,1972,20000.00
Israel,ISR,1973,20000.00
Israel,ISR,1974,28000.00
Israel,ISR,1975,33000.00
Israel,ISR,1976,37000.00
Israel,ISR,1977,40000.00
Israel,ISR,1978,41000.00
Israel,ISR,1979,37000.00
Israel,ISR,1980,39000.00
Israel,ISR,1981,43000.00
Israel,ISR,1982,43000.00
Israel,ISR,1983,52000.00
Israel,ISR,1984,45000.00
Israel,ISR,1985,40000.00
Israel,ISR,1986,42000.00
Israel,ISR,1987,51000.00
Israel,ISR,1988,55000.00
Israel,ISR,1989,54000.00
Israel,ISR,1990,57000.00
Israel,ISR,1991,64000.00
Israel,ISR,1992,73000.00
Israel,ISR,1993,88000.00
Israel,ISR,1994,96800.00
Israel,ISR,1995,85000.00
Israel,ISR,1996,87200.00
Israel,ISR,1997,89000.00
Israel,ISR,1998,89000.00
Israel,ISR,1999,86000.00
Israel,ISR,2000,137429.00
Israel,ISR,2001,125219.00
Israel,ISR,2002,125000.00
Israel,ISR,2003,113000.00
Israel,ISR,2004,115000.00
Israel,ISR,2005,113349.00
Israel,ISR,2006,106000.00
Israel,ISR,2007,104000.00
Israel,ISR,2008,97000.00
Israel,ISR,2009,92000.00
Israel,ISR,2010,90000.00
Israel,ISR,2011,90000.00
Israel,ISR,2012,81345.00
Israel,ISR,2013,73574.60
Israel,ISR,2014,76682.00
Israel,ISR,2015,99014.00
Israel,ISR,2016,99149.00
Israel,ISR,2017,85351.00
Israel,ISR,2018,103709.00
Israel,ISR,2019,94429.00
Israel,ISR,2020,81377.10
Israel,ISR,2021,85699.80
Italy,ITA,1961,14000.00
Italy,ITA,1962,15000.00
Italy,ITA,1963,18000.00
Italy,ITA,1964,18000.00
Italy,ITA,1965,22000.00
Italy,ITA,1966,26000.00
Italy,ITA,1967,30000.00
Italy,ITA,1968,35000.00
Italy,ITA,1969,43000.00
Italy,ITA,1970,65000.00
Italy,ITA,1971,110000.00
Italy,ITA,1972,130000.00
Italy,ITA,1973,155000.00
Italy,ITA,1974,164000.00
Italy,ITA,1975,170000.00
Italy,ITA,1976,174000.00
Italy,ITA,1977,187000.00
Italy,ITA,1978,193000.00
Italy,ITA,1979,205000.00
Italy,ITA,1980,225000.00
Italy,ITA,1981,227000.00
Italy,ITA,1982,236000.00
Italy,ITA,1983,257000.00
Italy,ITA,1984,243000.00
Italy,ITA,1985,231500.00
Italy,ITA,1986,237000.00
Italy,ITA,1987,247000.00
Italy,ITA,1988,250000.00
Italy,ITA,1989,257000.00
Italy,ITA,1990,279100.00
Italy,ITA,1991,273400.00
Italy,ITA,1992,269100.00
Italy,ITA,1993,265700.00
Italy,ITA,1994,268800.00
Italy,ITA,1995,294000.00
Italy,ITA,1996,315300.00
Italy,ITA,1997,338400.00
Italy,ITA,1998,361200.00
Italy,ITA,1999,343000.00
Italy,ITA,2000,327000.00
Italy,ITA,2001,341200.00
Italy,ITA,2002,440000.00
Italy,ITA,2003,265017.00
Italy,ITA,2004,279355.00
Italy,ITA,2005,299844.00
Italy,ITA,2006,273816.00
Italy,ITA,2007,279504.00
Italy,ITA,2008,310604.00
Italy,ITA,2009,305100.00
Italy,ITA,2010,298469.00
Italy,ITA,2011,309483.00
Italy,ITA,2012,321598.00
Italy,ITA,2013,310551.00
Italy,ITA,2014,309889.00
Italy,ITA,2015,313038.19
Italy,ITA,2016,331859.32
Italy,ITA,2017,308625.35
Italy,ITA,2018,300130.00
Italy,ITA,2019,300700.00
Italy,ITA,2020,313250.00
Italy,ITA,2021,297830.00
Japan,JPN,1961,48.00
Japan,JPN,1962,48.00
Japan,JPN,1963,48.00
Japan,JPN,1964,51.00
Japan,JPN,1965,51.00
Japan,JPN,1966,51.00
Japan,JPN,1967,54.00
Japan,JPN,1968,54.00
Japan,JPN,1969,54.00
Japan,JPN,1970,54.00
Japan,JPN,1971,54.00
Japan,JPN,1972,54.00
Japan,JPN,1973,57.00
Japan,JPN,1974,57.00
Japan,JPN,1975,57.00
Japan,JPN,1976,57.00
Japan,JPN,1977,60.00
Japan,JPN,1978,75.00
Japan,JPN,1979,90.00
Japan,JPN,1980,111.00
Japan,JPN,1981,63.00
Japan,JPN,1982,87.00
Japan,JPN,1983,60.00
Japan,JPN,1984,30.00
Japan,JPN,1985,30.00
Japan,JPN,1986,33.00
Japan,JPN,1987,33.00
Japan,JPN,1988,51.00
Japan,JPN,1989,27.00
Japan,JPN,1990,30.00
Japan,JPN,1991,15.00
Japan,JPN,1992,15.00
Japan,JPN,1993,15.00
Japan,JPN,1994,15.00
Japan,JPN,1995,15.00
Japan,JPN,1996,15.00
Japan,JPN,1997,15.00
Japan,JPN,1998,12.00
Japan,JPN,1999,12.00
Japan,JPN,2000,12.00
Japan,JPN,2001,12.00
Japan,JPN,2002,12.00
Japan,JPN,2003,15.00
Japan,JPN,2004,14.49
Japan,JPN,2005,14.61
Japan,JPN,2006,15.00
Japan,JPN,2007,15.00
Japan,JPN,2008,13.43
Japan,JPN,2009,12.98
Japan,JPN,2010,13.17
Japan,JPN,2011,12.97
Japan,JPN,2012,12.75
Japan,JPN,2013,12.52
Japan,JPN,2014,12.14
Japan,JPN,2015,12.11
Japan,JPN,2016,11.77
Japan,JPN,2017,10.96
Japan,JPN,2018,10.63
Japan,JPN,2019,10.21
Japan,JPN,2020,9.83
Japan,JPN,2021,9.44
Jordan,JOR,1961,60.00
Jordan,JOR,1962,104.00
Jordan,JOR,1963,92.00
Jordan,JOR,1964,116.00
Jordan,JOR,1965,132.00
Jordan,JOR,1966,144.00
Jordan,JOR,1967,92.00
Jordan,JOR,1968,72.00
Jordan,JOR,1969,108.00
Jordan,JOR,1970,92.00
Jordan,JOR,1971,100.00
Jordan,JOR,1972,76.00
Jordan,JOR,1973,78.00
Jordan,JOR,1974,68.00
Jordan,JOR,1975,66.00
Jordan,JOR,1976,80.40
Jordan,JOR,1977,105.60
Jordan,JOR,1978,114.40
Jordan,JOR,1979,116.00
Jordan,JOR,1980,20.00
Jordan,JOR,1981,24.00
Jordan,JOR,1982,16.00
Jordan,JOR,1983,16.00
Jordan,JOR,1984,16.00
Jordan,JOR,1985,16.00
Jordan,JOR,1986,16.00
Jordan,JOR,1987,16.00
Jordan,JOR,1988,24.00
Jordan,JOR,1989,24.00
Jordan,JOR,1990,32.00
Jordan,JOR,1991,40.00
Jordan,JOR,1992,80.00
Jordan,JOR,1993,80.00
Jordan,JOR,1994,80.00
Jordan,JOR,1995,80.00
Jordan,JOR,1996,80.00
Jordan,JOR,1997,80.00
Jordan,JOR,1998,80.00
Jordan,JOR,1999,80.00
Jordan,JOR,2000,520.00
Jordan,JOR,2001,344.00
Jordan,JOR,2002,468.00
Jordan,JOR,2003,228.00
Jordan,JOR,2004,1320.00
Jordan,JOR,2005,432.00
Jordan,JOR,2006,1528.00
Jordan,JOR,2007,12.00
Jordan,JOR,2008,48.00
Jordan,JOR,2009,48.00
Jordan,JOR,2010,122.64
Jordan,JOR,2011,131.77
Jordan,JOR,2012,138.06
Jordan,JOR,2013,142.69
Jordan,JOR,2014,145.49
Jordan,JOR,2015,278.79
Jordan,JOR,2016,212.15
Jordan,JOR,2017,210.47
Jordan,JOR,2018,282.42
Jordan,JOR,2019,306.57
Jordan,JOR,2020,306.53
Jordan,JOR,2021,306.06
Kazakhstan,KAZ,2018,0.00
Kazakhstan,KAZ,2019,7685.00
Kazakhstan,KAZ,2020,6987.00
Kazakhstan,KAZ,2021,8182.74
Latvia,LVA,2018,20.00
Latvia,LVA,2021,20.00
Lithuania,LTU,1992,2979.46
Lithuania,LTU,1993,1504.90
Lithuania,LTU,1994,1780.89
Lithuania,LTU,1995,1612.63
Lithuania,LTU,1996,1599.03
Lithuania,LTU,1997,904.53
Lithuania,LTU,1998,1245.65
Lithuania,LTU,1999,1097.98
Lithuania,LTU,2000,1306.63
Lithuania,LTU,2001,995.30
Lithuania,LTU,2002,1354.59
Lithuania,LTU,2003,1497.04
Lithuania,LTU,2004,3588.00
Lithuania,LTU,2005,3585.00
Lithuania,LTU,2006,3925.00
Lithuania,LTU,2007,4568.00
Lithuania,LTU,2008,4646.00
Lithuania,LTU,2009,4323.00
Lithuania,LTU,2010,4494.00
Lithuania,LTU,2011,4913.00
Lithuania,LTU,2012,5435.00
Lithuania,LTU,2013,5367.00
Lithuania,LTU,2014,5891.00
Lithuania,LTU,2015,5130.00
Lithuania,LTU,2016,6412.00
Lithuania,LTU,2017,6860.00
Lithuania,LTU,2018,5010.00
Lithuania,LTU,2019,2938.00
Lithuania,LTU,2021,1890.00
Luxembourg,LUX,2018,0.00
Luxembourg,LUX,2019,0.00
Luxembourg,LUX,2020,0.00
Luxembourg,LUX,2021,0.00
Madagascar,MDG,1961,1680.00
Madagascar,MDG,1962,1890.00
Madagascar,MDG,1963,2100.00
Madagascar,MDG,1964,2310.00
Madagascar,MDG,1965,2520.00
Madagascar,MDG,1966,2730.00
Madagascar,MDG,1967,2940.00
Madagascar,MDG,1968,3360.00
Madagascar,MDG,1969,3780.00
Madagascar,MDG,1970,4200.00
Madagascar,MDG,1971,4620.00
Madagascar,MDG,1972,5040.00
Madagascar,MDG,1973,5460.00
Madagascar,MDG,1974,4620.00
Madagascar,MDG,1975,5040.00
Madagascar,MDG,1976,4620.00
Madagascar,MDG,1977,4620.00
Madagascar,MDG,1978,5670.00
Madagascar,MDG,1979,5880.00
Madagascar,MDG,1980,4620.00
Madagascar,MDG,1981,5040.00
Madagascar,MDG,1982,4620.00
Madagascar,MDG,1983,4200.00
Madagascar,MDG,1984,4200.00
Madagascar,MDG,1985,5460.00
Madagascar,MDG,1986,5880.00
Madagascar,MDG,1987,4620.00
Madagascar,MDG,1988,5460.00
Madagascar,MDG,1989,5040.00
Madagascar,MDG,1990,5880.00
Madagascar,MDG,1991,5880.00
Madagascar,MDG,1992,5880.00
Madagascar,MDG,1993,5880.00
Madagascar,MDG,1994,6300.00
Madagascar,MDG,1995,6510.00
Madagascar,MDG,1996,6720.00
Madagascar,MDG,1997,7140.00
Madagascar,MDG,1998,7560.00
Madagascar,MDG,1999,7980.00
Madagascar,MDG,2000,8400.00
Madagascar,MDG,2001,7980.00
Madagascar,MDG,2002,8400.00
Madagascar,MDG,2003,8400.00
Madagascar,MDG,2004,8400.00
Madagascar,MDG,2005,8400.00
Madagascar,MDG,2006,8400.00
Madagascar,MDG,2007,8400.00
Madagascar,MDG,2008,8820.00
Madagascar,MDG,2009,9030.00
Madagascar,MDG,2010,9210.00
Madagascar,MDG,2011,9420.00
Madagascar,MDG,2012,9420.00
Madagascar,MDG,2013,9210.00
Madagascar,MDG,2014,9422.25
Madagascar,MDG,2015,9573.05
Madagascar,MDG,2016,9718.13
Madagascar,MDG,2017,9849.29
Madagascar,MDG,2018,9915.14
Madagascar,MDG,2019,9934.90
Madagascar,MDG,2020,9999.73
Madagascar,MDG,2021,10064.57
Malta,MLT,1966,15.54
Malta,MLT,1967,19.32
Malta,MLT,1968,29.40
Malta,MLT,1969,13.02
Malta,MLT,1970,29.40
Malta,MLT,1971,10.92
Malta,MLT,1972,24.36
Malta,MLT,1973,37.38
Malta,MLT,1974,27.30
Malta,MLT,1975,49.14
Malta,MLT,1976,48.30
Malta,MLT,1977,47.46
Malta,MLT,1978,50.40
Malta,MLT,1979,105.00
Malta,MLT,1980,67.20
Malta,MLT,1981,67.20
Malta,MLT,1982,75.60
Malta,MLT,1983,84.00
Malta,MLT,1984,84.00
Malta,MLT,1985,84.00
Malta,MLT,1986,84.00
Malta,MLT,1987,88.20
Malta,MLT,1988,88.20
Malta,MLT,1989,88.20
Malta,MLT,1990,88.20
Malta,MLT,1991,84.00
Malta,MLT,1992,71.40
Malta,MLT,1993,71.40
Malta,MLT,1994,71.40
Malta,MLT,1995,75.60
Malta,MLT,1996,168.00
Malta,MLT,1997,294.00
Malta,MLT,1998,159.60
Malta,MLT,1999,147.00
Malta,MLT,2000,147.00
Malta,MLT,2001,147.00
Malta,MLT,2002,294.00
Malta,MLT,2003,105.00
Malta,MLT,2004,147.00
Malta,MLT,2005,147.00
Malta,MLT,2006,168.00
Malta,MLT,2007,147.00
Malta,MLT,2008,168.00
Malta,MLT,2009,168.00
Malta,MLT,2010,168.00
Malta,MLT,2011,168.00
Malta,MLT,2012,175.35
Malta,MLT,2013,197.98
Malta,MLT,2014,145.60
Malta,MLT,2015,144.43
Malta,MLT,2016,136.97
Malta,MLT,2017,0.00
Malta,MLT,2018,0.00
Malta,MLT,2019,0.00
Malta,MLT,2020,0.00
Malta,MLT,2021,0.00
Mauritius,MUS,1961,3.50
Mauritius,MUS,1962,3.50
Mauritius,MUS,1963,3.50
Mauritius,MUS,1964,3.50
Mauritius,MUS,1965,3.50
Mauritius,MUS,1966,3.50
Mauritius,MUS,1967,3.50
Mauritius,MUS,1968,3.50
Mauritius,MUS,1969,3.50
Mauritius,MUS,1970,3.50
Mauritius,MUS,1971,3.50
Mauritius,MUS,1972,3.50
Mauritius,MUS,1973,3.50
Mauritius,MUS,1974,3.50
Mauritius,MUS,1975,3.50
Mauritius,MUS,1976,3.50
Mauritius,MUS,1977,3.50
Mauritius,MUS,1978,3.50
Mauritius,MUS,1979,3.50
Mauritius,MUS,1980,3.50
Mauritius,MUS,1981,3.50
Mauritius,MUS,1982,3.50
Mauritius,MUS,1983,3.50
Mauritius,MUS,1984,3.50
Mauritius,MUS,1985,3.50
Mauritius,MUS,1986,3.50
Mauritius,MUS,1987,3.50
Mauritius,MUS,1988,3.50
Mauritius,MUS,1989,3.50
Mauritius,MUS,1990,3.50
Mauritius,MUS,1991,3.50
Mauritius,MUS,1992,3.50
Mauritius,MUS,1993,3.50
Mauritius,MUS,1994,3.50
Mauritius,MUS,1995,3.50
Mauritius,MUS,1996,3.50
Mauritius,MUS,1997,3.50
Mauritius,MUS,1998,3.50
Mauritius,MUS,1999,3.50
Mauritius,MUS,2000,3.50
Mauritius,MUS,2001,3.50
Mauritius,MUS,2002,3.50
Mauritius,MUS,2003,3.50
Mauritius,MUS,2004,3.50
Mauritius,MUS,2005,3.50
Mauritius,MUS,2006,3.50
Mauritius,MUS,2007,3.50
Mauritius,MUS,2008,3.50
Mauritius,MUS,2009,3.50
Mauritius,MUS,2010,3.50
Mauritius,MUS,2011,3.50
Mauritius,MUS,2012,3.51
Mauritius,MUS,2013,3.52
Mauritius,MUS,2014,3.54
Mauritius,MUS,2015,3.54
Mauritius,MUS,2016,3.05
Mauritius,MUS,2017,3.21
Mauritius,MUS,2018,3.45
Mauritius,MUS,2019,3.44
Mauritius,MUS,2020,3.43
Mauritius,MUS,2021,3.43
Mexico,MEX,1961,13860.00
Mexico,MEX,1962,14190.00
Mexico,MEX,1963,14520.00
Mexico,MEX,1964,14850.00
Mexico,MEX,1965,15180.00
Mexico,MEX,1966,15510.00
Mexico,MEX,1967,15840.00
Mexico,MEX,1968,15840.00
Mexico,MEX,1969,16500.00
Mexico,MEX,1970,18150.00
Mexico,MEX,1971,19140.00
Mexico,MEX,1972,19800.00
Mexico,MEX,1973,23100.00
Mexico,MEX,1974,27498.90
Mexico,MEX,1975,30798.90
Mexico,MEX,1976,33000.00
Mexico,MEX,1977,33000.00
Mexico,MEX,1978,33871.20
Mexico,MEX,1979,33871.20
Mexico,MEX,1980,33891.00
Mexico,MEX,1981,34320.00
Mexico,MEX,1982,36300.00
Mexico,MEX,1983,37290.00
Mexico,MEX,1984,38824.50
Mexico,MEX,1985,40576.80
Mexico,MEX,1986,33841.50
Mexico,MEX,1987,29112.60
Mexico,MEX,1988,29498.70
Mexico,MEX,1989,22977.90
Mexico,MEX,1990,24594.90
Mexico,MEX,1991,20568.90
Mexico,MEX,1992,13002.00
Mexico,MEX,1993,12012.00
Mexico,MEX,1994,9240.00
Mexico,MEX,1995,10890.00
Mexico,MEX,1996,11055.00
Mexico,MEX,1997,14190.00
Mexico,MEX,1998,22434.00
Mexico,MEX,1999,22951.00
Mexico,MEX,2000,23485.00
Mexico,MEX,2001,24266.00
Mexico,MEX,2002,26909.00
Mexico,MEX,2003,25387.00
Mexico,MEX,2004,24377.00
Mexico,MEX,2005,23781.00
Mexico,MEX,2006,21387.00
Mexico,MEX,2007,21706.00
Mexico,MEX,2008,23814.00
Mexico,MEX,2009,20875.00
Mexico,MEX,2010,20852.00
Mexico,MEX,2011,21109.00
Mexico,MEX,2012,20640.00
Mexico,MEX,2013,17276.00
Mexico,MEX,2014,19237.00
Mexico,MEX,2015,18971.00
Mexico,MEX,2016,16758.76
Mexico,MEX,2017,16329.00
Mexico,MEX,2018,17082.30
Mexico,MEX,2019,16867.85
Mexico,MEX,2020,17083.31
Mexico,MEX,2021,18315.32
Morocco,MAR,1990,17000.00
Morocco,MAR,1999,0.00
Morocco,MAR,2000,3000.00
Morocco,MAR,2001,5000.00
Morocco,MAR,2002,10500.00
Morocco,MAR,2003,12000.00
Morocco,MAR,2004,17500.00
Morocco,MAR,2005,38000.00
Morocco,MAR,2006,30000.00
Morocco,MAR,2007,40000.00
Morocco,MAR,2008,50000.00
Morocco,MAR,2009,60000.00
Morocco,MAR,2010,70000.00
Morocco,MAR,2011,80000.00
Morocco,MAR,2012,70000.00
Morocco,MAR,2013,75000.00
Morocco,MAR,2014,78000.00
Morocco,MAR,2015,90000.00
Morocco,MAR,2016,90000.00
Morocco,MAR,2017,90000.00
Morocco,MAR,2018,100000.00
Morocco,MAR,2019,107000.00
Morocco,MAR,2020,100000.00
Morocco,MAR,2021,115000.00
Myanmar,MMR,1961,6.00
Myanmar,MMR,1962,5.70
Myanmar,MMR,1963,6.30
Myanmar,MMR,1964,6.00
Myanmar,MMR,1965,12.00
Myanmar,MMR,1966,9.00
Myanmar,MMR,1967,9.00
Myanmar,MMR,1968,9.00
Myanmar,MMR,1969,9.00
Myanmar,MMR,1970,9.00
Myanmar,MMR,1971,9.00
Myanmar,MMR,1972,9.00
Myanmar,MMR,1973,12.00
Myanmar,MMR,1974,9.00
Myanmar,MMR,1975,9.00
Myanmar,MMR,1976,9.00
Myanmar,MMR,1977,9.00
Myanmar,MMR,1978,9.00
Myanmar,MMR,1979,9.00
Myanmar,MMR,1980,9.00
Myanmar,MMR,1981,12.00
Myanmar,MMR,1982,12.00
Myanmar,MMR,1983,12.00
Myanmar,MMR,1984,12.00
Myanmar,MMR,1985,15.00
Myanmar,MMR,1986,15.00
Myanmar,MMR,1987,15.00
Myanmar,MMR,1988,15.00
Myanmar,MMR,1989,12.00
Myanmar,MMR,1990,12.00
Myanmar,MMR,1991,9.00
Myanmar,MMR,1992,12.00
Myanmar,MMR,1993,6.00
Myanmar,MMR,1994,6.00
Myanmar,MMR,1995,6.00
Myanmar,MMR,1996,6.00
Myanmar,MMR,1997,6.00
Myanmar,MMR,1998,6.00
Myanmar,MMR,1999,6.00
Myanmar,MMR,2000,6.00
Myanmar,MMR,2001,6.00
Myanmar,MMR,2002,6.00
Myanmar,MMR,2003,6.00
Myanmar,MMR,2004,6.00
Myanmar,MMR,2005,6.13
Myanmar,MMR,2006,6.00
Myanmar,MMR,2007,6.00
Myanmar,MMR,2008,6.00
Myanmar,MMR,2009,6.00
Myanmar,MMR,2010,9.00
Myanmar,MMR,2011,9.00
Myanmar,MMR,2012,9.00
Myanmar,MMR,2013,9.00
Myanmar,MMR,2014,9.00
Myanmar,MMR,2015,8.74
Myanmar,MMR,2016,8.59
Myanmar,MMR,2017,8.47
Myanmar,MMR,2018,8.71
Myanmar,MMR,2019,8.96
Myanmar,MMR,2020,9.09
Myanmar,MMR,2021,9.22
Netherlands,NLD,1977,14000.00
Netherlands,NLD,1978,11304.00
Netherlands,NLD,1979,13939.00
Netherlands,NLD,1980,14854.00
Netherlands,NLD,1981,12100.00
Netherlands,NLD,1982,10612.00
Netherlands,NLD,1983,11622.00
Netherlands,NLD,1984,13976.00
Netherlands,NLD,1985,15863.00
Netherlands,NLD,1986,20396.00
Netherlands,NLD,1987,25000.00
Netherlands,NLD,1988,27000.00
Netherlands,NLD,1989,27000.00
Netherlands,NLD,1990,30000.00
Netherlands,NLD,1991,31000.00
Netherlands,NLD,1992,34000.00
Netherlands,NLD,1993,32000.00
Netherlands,NLD,1994,32000.00
Netherlands,NLD,1995,32000.00
Netherlands,NLD,1996,36000.00
Netherlands,NLD,1997,39000.00
Netherlands,NLD,1998,42000.00
Netherlands,NLD,1999,43000.00
Netherlands,NLD,2000,54700.00
Netherlands,NLD,2001,56500.00
Netherlands,NLD,2002,60600.00
Netherlands,NLD,2003,50000.00
Netherlands,NLD,2004,57477.00
Netherlands,NLD,2005,58692.00
Netherlands,NLD,2006,58038.00
Netherlands,NLD,2007,52000.00
Netherlands,NLD,2008,52684.00
Netherlands,NLD,2009,58060.00
Netherlands,NLD,2010,57100.00
Netherlands,NLD,2011,58000.00
Netherlands,NLD,2012,60500.00
Netherlands,NLD,2013,65629.86
Netherlands,NLD,2014,51435.84
Netherlands,NLD,2015,58209.03
Netherlands,NLD,2016,49801.68
Netherlands,NLD,2017,44503.28
Netherlands,NLD,2018,0.00
Netherlands,NLD,2019,0.00
Netherlands,NLD,2020,0.00
Netherlands,NLD,2021,0.00
New Zealand,NZL,1961,750.00
New Zealand,NZL,1962,775.00
New Zealand,NZL,1963,800.00
New Zealand,NZL,1964,825.00
New Zealand,NZL,1965,850.00
New Zealand,NZL,1966,875.00
New Zealand,NZL,1967,900.00
New Zealand,NZL,1968,950.00
New Zealand,NZL,1969,1000.00
New Zealand,NZL,1970,1000.00
New Zealand,NZL,1971,1100.00
New Zealand,NZL,1972,1250.00
New Zealand,NZL,1973,1250.00
New Zealand,NZL,1974,1250.00
New Zealand,NZL,1975,1250.00
New Zealand,NZL,1976,1250.00
New Zealand,NZL,1977,1600.00
New Zealand,NZL,1978,1600.00
New Zealand,NZL,1979,1725.00
New Zealand,NZL,1980,1550.00
New Zealand,NZL,1981,3175.00
New Zealand,NZL,1982,525.00
New Zealand,NZL,1983,800.00
New Zealand,NZL,1984,950.00
New Zealand,NZL,1985,950.00
New Zealand,NZL,1986,950.00
New Zealand,NZL,1987,950.00
New Zealand,NZL,1988,1305.00
New Zealand,NZL,1989,1065.00
New Zealand,NZL,1990,1365.00
New Zealand,NZL,1991,1955.00
New Zealand,NZL,1992,1405.00
New Zealand,NZL,1993,850.00
New Zealand,NZL,1994,1150.00
New Zealand,NZL,1995,1150.00
New Zealand,NZL,1996,1150.00
New Zealand,NZL,1997,1150.00
New Zealand,NZL,1998,960.00
New Zealand,NZL,1999,990.00
New Zealand,NZL,2000,1050.00
New Zealand,NZL,2001,1100.00
New Zealand,NZL,2002,1100.00
New Zealand,NZL,2003,1150.00
New Zealand,NZL,2004,1150.00
New Zealand,NZL,2005,1150.00
New Zealand,NZL,2006,1250.00
New Zealand,NZL,2007,1250.00
New Zealand,NZL,2008,1250.00
New Zealand,NZL,2009,1250.00
New Zealand,NZL,2010,1250.00
New Zealand,NZL,2011,1250.00
New Zealand,NZL,2012,1250.00
New Zealand,NZL,2013,1253.71
New Zealand,NZL,2014,1248.53
New Zealand,NZL,2015,1232.87
New Zealand,NZL,2016,1226.87
New Zealand,NZL,2017,1223.15
New Zealand,NZL,2018,1230.98
New Zealand,NZL,2019,1239.10
New Zealand,NZL,2020,1243.08
New Zealand,NZL,2021,1247.07
North Macedonia,MKD,1993,0.00
North Macedonia,MKD,1994,0.00
North Macedonia,MKD,1995,0.00
North Macedonia,MKD,1996,0.00
North Macedonia,MKD,1997,0.00
North Macedonia,MKD,1998,0.00
North Macedonia,MKD,1999,0.00
North Macedonia,MKD,2000,0.00
North Macedonia,MKD,2001,0.00
North Macedonia,MKD,2002,0.00
North Macedonia,MKD,2003,0.00
North Macedonia,MKD,2004,0.00
North Macedonia,MKD,2005,0.00
North Macedonia,MKD,2006,0.00
North Macedonia,MKD,2007,0.00
North Macedonia,MKD,2008,0.00
North Macedonia,MKD,2009,0.00
North Macedonia,MKD,2010,0.00
North Macedonia,MKD,2011,0.00
North Macedonia,MKD,2012,0.00
North Macedonia,MKD,2013,0.00
North Macedonia,MKD,2014,0.00
North Macedonia,MKD,2015,0.00
North Macedonia,MKD,2016,0.00
North Macedonia,MKD,2017,0.00
North Macedonia,MKD,2018,0.00
North Macedonia,MKD,2019,0.00
North Macedonia,MKD,2020,0.00
North Macedonia,MKD,2021,0.00
Norway,NOR,1991,1606.00
Norway,NOR,1992,1892.00
Norway,NOR,1993,3134.00
Norway,NOR,1994,3087.00
Norway,NOR,1995,4025.00
Norway,NOR,1996,4751.00
Norway,NOR,1997,3928.00
Norway,NOR,1998,3406.00
Norway,NOR,1999,4174.00
Norway,NOR,2000,4603.00
Norway,NOR,2001,4711.00
Norway,NOR,2002,5088.00
Norway,NOR,2003,5901.00
Norway,NOR,2004,6795.00
Norway,NOR,2005,6387.00
Norway,NOR,2006,6911.00
Norway,NOR,2007,7117.00
Norway,NOR,2008,8792.00
Norway,NOR,2009,10153.00
Norway,NOR,2010,8485.00
Norway,NOR,2011,9006.00
Norway,NOR,2012,9851.00
Norway,NOR,2013,9856.00
Norway,NOR,2014,10576.00
Norway,NOR,2015,10920.00
Norway,NOR,2016,10303.00
Norway,NOR,2017,9319.00
Norway,NOR,2018,7595.00
Norway,NOR,2019,7619.00
Norway,NOR,2020,8137.00
Norway,NOR,2021,8396.44
Papua New Guinea,PNG,1961,1.30
Papua New Guinea,PNG,1962,1.30
Papua New Guinea,PNG,1963,1.30
Papua New Guinea,PNG,1964,1.30
Papua New Guinea,PNG,1965,1.30
Papua New Guinea,PNG,1966,1.30
Papua New Guinea,PNG,1967,1.30
Papua New Guinea,PNG,1968,1.30
Papua New Guinea,PNG,1969,1.30
Papua New Guinea,PNG,1970,1.30
Papua New Guinea,PNG,1971,1.30
Papua New Guinea,PNG,1972,1.30
Papua New Guinea,PNG,1973,1.30
Papua New Guinea,PNG,1974,1.30
Papua New Guinea,PNG,1975,1.30
Papua New Guinea,PNG,1976,1.30
Papua New Guinea,PNG,1977,1.30
Papua New Guinea,PNG,1978,1.30
Papua New Guinea,PNG,1979,1.30
Papua New Guinea,PNG,1980,9.10
Papua New Guinea,PNG,1981,5.20
Papua New Guinea,PNG,1982,5.20
Papua New Guinea,PNG,1983,3.90
Papua New Guinea,PNG,1984,5.20
Papua New Guinea,PNG,1985,6.50
Papua New Guinea,PNG,1986,5.20
Papua New Guinea,PNG,1987,6.50
Papua New Guinea,PNG,1988,5.20
Papua New Guinea,PNG,1989,5.20
Papua New Guinea,PNG,1990,5.20
Papua New Guinea,PNG,1991,5.20
Papua New Guinea,PNG,1992,5.20
Papua New Guinea,PNG,1993,6.50
Papua New Guinea,PNG,1994,6.50
Papua New Guinea,PNG,1995,6.50
Papua New Guinea,PNG,1996,7.80
Papua New Guinea,PNG,1997,7.80
Papua New Guinea,PNG,1998,9.10
Papua New Guinea,PNG,1999,10.40
Papua New Guinea,PNG,2000,10.40
Papua New Guinea,PNG,2001,11.70
Papua New Guinea,PNG,2002,13.00
Papua New Guinea,PNG,2003,13.00
Papua New Guinea,PNG,2004,14.30
Papua New Guinea,PNG,2005,14.30
Papua New Guinea,PNG,2006,14.30
Papua New Guinea,PNG,2007,14.30
Papua New Guinea,PNG,2008,15.60
Papua New Guinea,PNG,2009,15.60
Papua New Guinea,PNG,2010,16.90
Papua New Guinea,PNG,2011,18.20
Papua New Guinea,PNG,2012,19.52
Papua New Guinea,PNG,2013,19.55
Papua New Guinea,PNG,2014,19.62
Papua New Guinea,PNG,2015,19.96
Papua New Guinea,PNG,2016,20.45
Papua New Guinea,PNG,2017,21.02
Papua New Guinea,PNG,2018,22.18
Papua New Guinea,PNG,2019,22.62
Papua New Guinea,PNG,2020,23.18
Papua New Guinea,PNG,2021,23.75
Paraguay,PRY,1961,120.00
Paraguay,PRY,1962,129.00
Paraguay,PRY,1963,132.00
Paraguay,PRY,1964,141.00
Paraguay,PRY,1965,150.00
Paraguay,PRY,1966,156.00
Paraguay,PRY,1967,162.00
Paraguay,PRY,1968,138.00
Paraguay,PRY,1969,120.00
Paraguay,PRY,1970,108.00
Paraguay,PRY,1971,105.00
Paraguay,PRY,1972,129.00
Paraguay,PRY,1973,141.00
Paraguay,PRY,1974,150.00
Paraguay,PRY,1975,156.00
Paraguay,PRY,1976,150.00
Paraguay,PRY,1977,150.00
Paraguay,PRY,1978,156.00
Paraguay,PRY,1979,156.00
Paraguay,PRY,1980,174.00
Paraguay,PRY,1981,198.00
Paraguay,PRY,1982,210.00
Paraguay,PRY,1983,210.00
Paraguay,PRY,1984,210.00
Paraguay,PRY,1985,210.00
Paraguay,PRY,1986,219.00
Paraguay,PRY,1987,231.00
Paraguay,PRY,1988,234.00
Paraguay,PRY,1989,240.00
Paraguay,PRY,1990,240.00
Paraguay,PRY,1991,285.00
Paraguay,PRY,1992,294.00
Paraguay,PRY,1993,360.00
Paraguay,PRY,1994,375.00
Paraguay,PRY,1995,384.00
Paraguay,PRY,1996,390.00
Paraguay,PRY,1997,396.00
Paraguay,PRY,1998,405.00
Paraguay,PRY,1999,405.00
Paraguay,PRY,2000,408.00
Paraguay,PRY,2001,534.00
Paraguay,PRY,2002,435.00
Paraguay,PRY,2003,450.00
Paraguay,PRY,2004,465.00
Paraguay,PRY,2005,480.00
Paraguay,PRY,2006,480.00
Paraguay,PRY,2007,495.00
Paraguay,PRY,2008,510.00
Paraguay,PRY,2009,510.00
Paraguay,PRY,2010,510.00
Paraguay,PRY,2011,510.00
Paraguay,PRY,2012,525.00
Paraguay,PRY,2013,525.00
Paraguay,PRY,2014,525.00
Paraguay,PRY,2015,540.00
Paraguay,PRY,2016,564.00
Paraguay,PRY,2017,570.00
Paraguay,PRY,2018,581.72
Paraguay,PRY,2019,577.34
Paraguay,PRY,2020,584.21
Paraguay,PRY,2021,589.19
Philippines,PHL,1961,144.00
Philippines,PHL,1962,261.00
Philippines,PHL,1963,360.00
Philippines,PHL,1964,333.00
Philippines,PHL,1965,337.50
Philippines,PHL,1966,459.00
Philippines,PHL,1967,427.50
Philippines,PHL,1968,468.00
Philippines,PHL,1969,445.50
Philippines,PHL,1970,508.50
Philippines,PHL,1971,468.00
Philippines,PHL,1972,486.00
Philippines,PHL,1973,504.00
Philippines,PHL,1974,526.50
Philippines,PHL,1975,562.50
Philippines,PHL,1976,594.00
Philippines,PHL,1977,630.00
Philippines,PHL,1978,670.50
Philippines,PHL,1979,720.00
Philippines,PHL,1980,765.00
Philippines,PHL,1981,765.00
Philippines,PHL,1982,810.00
Philippines,PHL,1983,900.00
Philippines,PHL,1984,900.00
Philippines,PHL,1985,900.00
Philippines,PHL,1986,990.00
Philippines,PHL,1987,1035.00
Philippines,PHL,1988,1125.00
Philippines,PHL,1989,1350.00
Philippines,PHL,1990,1440.00
Philippines,PHL,1991,1530.00
Philippines,PHL,1992,1575.00
Philippines,PHL,1993,1665.00
Philippines,PHL,1994,1800.00
Philippines,PHL,1995,1845.00
Philippines,PHL,1996,1890.00
Philippines,PHL,1997,1912.50
Philippines,PHL,1998,1912.50
Philippines,PHL,1999,1980.00
Philippines,PHL,2000,1980.00
Philippines,PHL,2001,2025.00
Philippines,PHL,2002,1980.00
Philippines,PHL,2003,1980.00
Philippines,PHL,2004,1800.00
Philippines,PHL,2005,1800.00
Philippines,PHL,2006,1755.00
Philippines,PHL,2007,1800.00
Philippines,PHL,2008,1800.00
Philippines,PHL,2009,1800.00
Philippines,PHL,2010,1800.00
Philippines,PHL,2011,1800.00
Philippines,PHL,2012,1800.00
Philippines,PHL,2013,1800.00
Philippines,PHL,2014,1789.20
Philippines,PHL,2015,1792.75
Philippines,PHL,2016,1815.76
Philippines,PHL,2017,1824.53
Philippines,PHL,2018,1826.69
Philippines,PHL,2019,1818.39
Philippines,PHL,2020,1817.30
Philippines,PHL,2021,1816.21
Poland,POL,1961,3000.00
Poland,POL,1962,3000.00
Poland,POL,1963,6000.00
Poland,POL,1964,6000.00
Poland,POL,1965,6000.00
Poland,POL,1966,6000.00
Poland,POL,1967,9000.00
Poland,POL,1968,9000.00
Poland,POL,1969,9000.00
Poland,POL,1970,9000.00
Poland,POL,1971,10000.00
Poland,POL,1972,10000.00
Poland,POL,1973,10000.00
Poland,POL,1974,10000.00
Poland,POL,1975,10000.00
Poland,POL,1976,13000.00
Poland,POL,1977,14000.00
Poland,POL,1978,14000.00
Poland,POL,1979,14000.00
Poland,POL,1980,14000.00
Poland,POL,1981,14000.00
Poland,POL,1982,14000.00
Poland,POL,1983,15000.00
Poland,POL,1984,17000.00
Poland,POL,1985,17000.00
Poland,POL,1986,18000.00
Poland,POL,1987,18000.00
Poland,POL,1988,17000.00
Poland,POL,1989,17000.00
Poland,POL,1990,22000.00
Poland,POL,1991,22924.00
Poland,POL,1992,20000.00
Poland,POL,1993,21000.00
Poland,POL,1994,25000.00
Poland,POL,1995,35000.00
Poland,POL,1996,40455.00
Poland,POL,1997,12500.00
Poland,POL,1998,13617.00
Poland,POL,1999,18000.00
Poland,POL,2000,11500.00
Poland,POL,2001,15500.00
Poland,POL,2002,40000.00
Poland,POL,2003,50000.00
Poland,POL,2004,55000.00
Poland,POL,2005,60000.00
Poland,POL,2006,60000.00
Poland,POL,2007,90000.00
Poland,POL,2008,100000.00
Poland,POL,2009,100000.00
Poland,POL,2010,100000.00
Poland,POL,2011,100000.00
Poland,POL,2012,128980.00
Poland,POL,2013,128500.00
Poland,POL,2014,145038.82
Poland,POL,2015,162400.02
Poland,POL,2016,179083.72
Poland,POL,2017,172151.04
Poland,POL,2018,376570.00
Poland,POL,2019,385560.00
Poland,POL,2020,406780.00
Poland,POL,2021,363150.00
Portugal,PRT,1974,2000.00
Portugal,PRT,1975,2000.00
Portugal,PRT,1976,3000.00
Portugal,PRT,1977,5000.00
Portugal,PRT,1978,7000.00
Portugal,PRT,1979,10000.00
Portugal,PRT,1980,13000.00
Portugal,PRT,1981,20000.00
Portugal,PRT,1982,18000.00
Portugal,PRT,1983,20000.00
Portugal,PRT,1984,19000.00
Portugal,PRT,1985,22000.00
Portugal,PRT,1986,24000.00
Portugal,PRT,1987,28000.00
Portugal,PRT,1988,28000.00
Portugal,PRT,1989,30000.00
Portugal,PRT,1990,30000.00
Portugal,PRT,1991,22000.00
Portugal,PRT,1992,22000.00
Portugal,PRT,1993,25000.00
Portugal,PRT,1994,28342.00
Portugal,PRT,1995,28909.00
Portugal,PRT,1996,30933.00
Portugal,PRT,1997,33408.00
Portugal,PRT,1998,42076.00
Portugal,PRT,1999,41950.00
Portugal,PRT,2000,43600.00
Portugal,PRT,2001,46264.00
Portugal,PRT,2002,44674.00
Portugal,PRT,2003,35278.00
Portugal,PRT,2004,38682.00
Portugal,PRT,2005,41444.00
Portugal,PRT,2006,42025.00
Portugal,PRT,2007,44604.00
Portugal,PRT,2008,42535.00
Portugal,PRT,2009,40223.00
Portugal,PRT,2010,41719.00
Portugal,PRT,2011,40742.00
Portugal,PRT,2012,43506.00
Portugal,PRT,2013,41764.00
Portugal,PRT,2014,39681.00
Portugal,PRT,2015,40754.00
Portugal,PRT,2016,41604.00
Portugal,PRT,2017,43447.00
Portugal,PRT,2018,41570.00
Portugal,PRT,2019,43730.00
Portugal,PRT,2020,47190.00
Portugal,PRT,2021,48990.00
Republic of Moldova,MDA,1992,200.00
Republic of Moldova,MDA,1993,250.00
Republic of Moldova,MDA,1994,320.00
Republic of Moldova,MDA,1995,300.00
Republic of Moldova,MDA,1996,800.00
Republic of Moldova,MDA,1997,300.00
Republic of Moldova,MDA,1998,300.00
Republic of Moldova,MDA,1999,700.00
Republic of Moldova,MDA,2000,400.00
Republic of Moldova,MDA,2001,400.00
Republic of Moldova,MDA,2002,650.00
Republic of Moldova,MDA,2003,200.00
Republic of Moldova,MDA,2004,200.00
Republic of Moldova,MDA,2005,200.00
Republic of Moldova,MDA,2006,300.00
Republic of Moldova,MDA,2007,300.00
Republic of Moldova,MDA,2008,200.00
Republic of Moldova,MDA,2009,200.00
Republic of Moldova,MDA,2010,300.00
Republic of Moldova,MDA,2011,350.00
Republic of Moldova,MDA,2012,350.00
Republic of Moldova,MDA,2013,400.00
Republic of Moldova,MDA,2014,400.00
Republic of Moldova,MDA,2015,447.68
Republic of Moldova,MDA,2016,420.18
Republic of Moldova,MDA,2017,360.22
Republic of Moldova,MDA,2018,327.30
Republic of Moldova,MDA,2019,335.40
Republic of Moldova,MDA,2020,332.87
Republic of Moldova,MDA,2021,334.37
Reunion,REU,1986,120.00
Reunion,REU,1987,330.00
Reunion,REU,1988,270.00
Reunion,REU,1989,330.00
Reunion,REU,1990,900.00
Reunion,REU,1991,1740.00
Reunion,REU,1992,1650.00
Reunion,REU,1993,1650.00
Reunion,REU,1994,1650.00
Reunion,REU,1995,1650.00
Reunion,REU,1996,1650.00
Reunion,REU,1997,1650.00
Reunion,REU,1998,1605.00
Reunion,REU,1999,1605.00
Reunion,REU,2000,1605.00
Reunion,REU,2001,1605.00
Reunion,REU,2002,1545.00
Reunion,REU,2003,1545.00
Reunion,REU,2004,1545.00
Reunion,REU,2005,1485.00
Reunion,REU,2006,1485.00
Saint Vincent and the Grenadines,VCT,1991,0.00
Saint Vincent and the Grenadines,VCT,1992,0.00
Saint Vincent and the Grenadines,VCT,1993,0.00
Saint Vincent and the Grenadines,VCT,1994,0.00
Saint Vincent and the Grenadines,VCT,1995,0.00
Saint Vincent and the Grenadines,VCT,1996,0.00
Saint Vincent and the Grenadines,VCT,1997,0.00
Saint Vincent and the Grenadines,VCT,1998,0.00
Saint Vincent and the Grenadines,VCT,1999,0.00
Saint Vincent and the Grenadines,VCT,2000,0.00
Saint Vincent and the Grenadines,VCT,2001,0.00
Saint Vincent and the Grenadines,VCT,2002,0.00
Saint Vincent and the Grenadines,VCT,2003,0.00
Saint Vincent and the Grenadines,VCT,2004,0.00
Saint Vincent and the Grenadines,VCT,2005,0.00
Saint Vincent and the Grenadines,VCT,2006,0.00
Saint Vincent and the Grenadines,VCT,2007,0.00
Saint Vincent and the Grenadines,VCT,2008,0.00
Saint Vincent and the Grenadines,VCT,2009,0.00
Saint Vincent and the Grenadines,VCT,2010,0.00
Saint Vincent and the Grenadines,VCT,2011,0.00
Saint Vincent and the Grenadines,VCT,2012,0.00
Saint Vincent and the Grenadines,VCT,2013,0.00
Saint Vincent and the Grenadines,VCT,2014,0.00
Saint Vincent and the Grenadines,VCT,2015,0.00
Saint Vincent and the Grenadines,VCT,2016,0.00
Saint Vincent and the Grenadines,VCT,2017,0.00
Saint Vincent and the Grenadines,VCT,2018,0.00
Saint Vincent and the Grenadines,VCT,2019,0.00
Saint Vincent and the Grenadines,VCT,2020,0.00
Saint Vincent and the Grenadines,VCT,2021,0.00
Sao Tome and Principe,STP,1961,3.90
Sao Tome and Principe,STP,1962,4.05
Sao Tome and Principe,STP,1963,4.20
Sao Tome and Principe,STP,1964,4.35
Sao Tome and Principe,STP,1965,4.50
Sao Tome and Principe,STP,1966,4.65
Sao Tome and Principe,STP,1967,4.80
Sao Tome and Principe,STP,1968,4.95
Sao Tome and Principe,STP,1969,5.40
Sao Tome and Principe,STP,1970,5.70
Sao Tome and Principe,STP,1971,6.00
Sao Tome and Principe,STP,1972,6.30
Sao Tome and Principe,STP,1973,6.60
Sao Tome and Principe,STP,1974,6.90
Sao Tome and Principe,STP,1975,7.20
Sao Tome and Principe,STP,1976,7.50
Sao Tome and Principe,STP,1977,6.00
Sao Tome and Principe,STP,1978,6.00
Sao Tome and Principe,STP,1979,6.00
Sao Tome and Principe,STP,1980,6.00
Sao Tome and Principe,STP,1981,6.00
Sao Tome and Principe,STP,1982,6.00
Sao Tome and Principe,STP,1983,6.00
Sao Tome and Principe,STP,1984,6.00
Sao Tome and Principe,STP,1985,6.00
Sao Tome and Principe,STP,1986,6.00
Sao Tome and Principe,STP,1987,6.00
Sao Tome and Principe,STP,1988,6.00
Sao Tome and Principe,STP,1989,6.00
Sao Tome and Principe,STP,1990,3.00
Sao Tome and Principe,STP,1991,3.00
Sao Tome and Principe,STP,1992,3.00
Sao Tome and Principe,STP,1993,3.00
Sao Tome and Principe,STP,1994,3.00
Sao Tome and Principe,STP,1995,3.00
Sao Tome and Principe,STP,1996,3.00
Sao Tome and Principe,STP,1997,6.00
Sao Tome and Principe,STP,1998,6.00
Sao Tome and Principe,STP,1999,6.00
Sao Tome and Principe,STP,2000,6.00
Sao Tome and Principe,STP,2001,6.00
Sao Tome and Principe,STP,2002,6.00
Sao Tome and Principe,STP,2003,6.00
Sao Tome and Principe,STP,2004,6.00
Sao Tome and Principe,STP,2005,6.00
Sao Tome and Principe,STP,2006,6.00
Sao Tome and Principe,STP,2007,6.00
Sao Tome and Principe,STP,2008,6.00
Sao Tome and Principe,STP,2009,6.00
Sao Tome and Principe,STP,2010,9.00
Sao Tome and Principe,STP,2011,9.00
Sao Tome and Principe,STP,2012,9.00
Sao Tome and Principe,STP,2013,9.00
Sao Tome and Principe,STP,2014,9.01
Sao Tome and Principe,STP,2015,9.16
Sao Tome and Principe,STP,2016,9.45
Sao Tome and Principe,STP,2017,9.72
Sao Tome and Principe,STP,2018,9.95
Sao Tome and Principe,STP,2019,9.91
Sao Tome and Principe,STP,2020,10.09
Sao Tome and Principe,STP,2021,10.26
Serbia,SRB,2006,0.00
Serbia,SRB,2007,0.00
Serbia,SRB,2008,0.00
Serbia,SRB,2009,0.00
Serbia,SRB,2010,0.00
Serbia,SRB,2011,0.00
Serbia,SRB,2012,0.00
Serbia,SRB,2013,400.00
Serbia,SRB,2014,330.00
Serbia,SRB,2015,290.00
Serbia,SRB,2016,330.00
Serbia,SRB,2017,340.00
Serbia,SRB,2018,1670.00
Serbia,SRB,2019,1230.00
Serbia,SRB,2020,1110.00
Serbia,SRB,2021,520.00
Serbia and Montenegro,SCG,1992,10400.00
Serbia and Montenegro,SCG,1993,9600.00
Serbia and Montenegro,SCG,1994,8800.00
Serbia and Montenegro,SCG,1995,10400.00
Serbia and Montenegro,SCG,1996,11000.00
Serbia and Montenegro,SCG,1997,11819.00
Serbia and Montenegro,SCG,1998,11100.00
Serbia and Montenegro,SCG,1999,11200.00
Serbia and Montenegro,SCG,2000,10433.00
Serbia and Montenegro,SCG,2001,11400.00
Serbia and Montenegro,SCG,2002,11800.00
Serbia and Montenegro,SCG,2003,11900.00
Serbia and Montenegro,SCG,2004,10700.00
Serbia and Montenegro,SCG,2005,11200.00
Slovakia,SVK,1993,640.00
Slovakia,SVK,1994,540.00
Slovakia,SVK,1995,480.00
Slovakia,SVK,1996,450.00
Slovakia,SVK,1997,380.00
Slovakia,SVK,1998,360.00
Slovakia,SVK,1999,350.00
Slovakia,SVK,2000,280.00
Slovakia,SVK,2001,225.00
Slovakia,SVK,2002,180.00
Slovakia,SVK,2003,250.00
Slovakia,SVK,2004,185.00
Slovakia,SVK,2005,178.00
Slovakia,SVK,2006,804.00
Slovakia,SVK,2007,683.00
Slovakia,SVK,2008,1650.00
Slovakia,SVK,2009,158.00
Slovakia,SVK,2010,124.00
Slovakia,SVK,2011,97.00
Slovakia,SVK,2012,97.00
Slovakia,SVK,2013,154.00
Slovakia,SVK,2014,167.00
Slovakia,SVK,2015,197.00
Slovakia,SVK,2016,404.00
Slovakia,SVK,2017,842.00
Slovakia,SVK,2018,1016.00
Slovenia,SVN,1992,5000.00
Slovenia,SVN,1993,4500.00
Slovenia,SVN,1994,4168.00
Slovenia,SVN,1995,6340.00
Slovenia,SVN,1996,7121.00
Slovenia,SVN,1997,8403.00
Slovenia,SVN,1998,7007.00
Slovenia,SVN,1999,6971.00
Slovenia,SVN,2000,7791.00
Slovenia,SVN,2001,9041.00
Slovenia,SVN,2002,9551.00
Slovenia,SVN,2003,10922.00
Slovenia,SVN,2004,9557.00
Slovenia,SVN,2005,9215.00
Slovenia,SVN,2006,5482.00
Slovenia,SVN,2007,6664.00
Slovenia,SVN,2008,6674.00
Slovenia,SVN,2009,6264.00
Slovenia,SVN,2010,6847.00
Slovenia,SVN,2011,5401.00
Slovenia,SVN,2012,4773.00
Slovenia,SVN,2013,4339.00
Slovenia,SVN,2014,4234.00
Slovenia,SVN,2015,4568.00
Slovenia,SVN,2016,4800.00
Slovenia,SVN,2017,4898.00
Slovenia,SVN,2018,5150.00
Slovenia,SVN,2019,5770.00
Slovenia,SVN,2020,5900.00
Slovenia,SVN,2021,5600.00
South Africa,ZAF,1961,1920.00
South Africa,ZAF,1962,1960.00
South Africa,ZAF,1963,2000.00
South Africa,ZAF,1964,2040.00
South Africa,ZAF,1965,2080.00
South Africa,ZAF,1966,2640.00
South Africa,ZAF,1967,2160.00
South Africa,ZAF,1968,2200.00
South Africa,ZAF,1969,2240.00
South Africa,ZAF,1970,2240.00
South Africa,ZAF,1971,2280.00
South Africa,ZAF,1972,2320.00
South Africa,ZAF,1973,2360.00
South Africa,ZAF,1974,2400.00
South Africa,ZAF,1975,2400.00
South Africa,ZAF,1976,2400.00
South Africa,ZAF,1977,2400.00
South Africa,ZAF,1978,2400.00
South Africa,ZAF,1979,2480.00
South Africa,ZAF,1980,2560.00
South Africa,ZAF,1981,2600.00
South Africa,ZAF,1982,2640.00
South Africa,ZAF,1983,2680.00
South Africa,ZAF,1984,2720.00
South Africa,ZAF,1985,2760.00
South Africa,ZAF,1986,2760.00
South Africa,ZAF,1987,2760.00
South Africa,ZAF,1988,2800.00
South Africa,ZAF,1989,2840.00
South Africa,ZAF,1990,2880.00
South Africa,ZAF,1991,2920.00
South Africa,ZAF,1992,2920.00
South Africa,ZAF,1993,2920.00
South Africa,ZAF,1994,2960.00
South Africa,ZAF,1995,3040.00
South Africa,ZAF,1996,3080.00
South Africa,ZAF,1997,3120.00
South Africa,ZAF,1998,3160.00
South Africa,ZAF,1999,3280.00
South Africa,ZAF,2000,3120.00
South Africa,ZAF,2001,3280.00
South Africa,ZAF,2002,3720.00
South Africa,ZAF,2003,3880.00
South Africa,ZAF,2004,5000.00
South Africa,ZAF,2005,5000.00
South Africa,ZAF,2006,4640.00
South Africa,ZAF,2007,5040.00
South Africa,ZAF,2008,5160.00
South Africa,ZAF,2009,5200.00
South Africa,ZAF,2010,5240.00
South Africa,ZAF,2011,5280.00
South Africa,ZAF,2012,5333.63
South Africa,ZAF,2013,5395.48
South Africa,ZAF,2014,5410.00
South Africa,ZAF,2015,5441.71
South Africa,ZAF,2016,5459.65
South Africa,ZAF,2017,5487.00
South Africa,ZAF,2018,5603.63
South Africa,ZAF,2019,5607.29
South Africa,ZAF,2020,5648.27
South Africa,ZAF,2021,5690.10
Spain,ESP,1961,2400.00
Spain,ESP,1962,2400.00
Spain,ESP,1963,2400.00
Spain,ESP,1964,3000.00
Spain,ESP,1965,3000.00
Spain,ESP,1966,3000.00
Spain,ESP,1967,3000.00
Spain,ESP,1968,3000.00
Spain,ESP,1969,3000.00
Spain,ESP,1970,3000.00
Spain,ESP,1971,3000.00
Spain,ESP,1972,3000.00
Spain,ESP,1973,3000.00
Spain,ESP,1974,4000.00
Spain,ESP,1975,5000.00
Spain,ESP,1976,9000.00
Spain,ESP,1977,10000.00
Spain,ESP,1978,10000.00
Spain,ESP,1979,13000.00
Spain,ESP,1980,14000.00
Spain,ESP,1981,15000.00
Spain,ESP,1982,16000.00
Spain,ESP,1983,16000.00
Spain,ESP,1984,17000.00
Spain,ESP,1985,19000.00
Spain,ESP,1986,19000.00
Spain,ESP,1987,20000.00
Spain,ESP,1988,21000.00
Spain,ESP,1989,23000.00
Spain,ESP,1990,29000.00
Spain,ESP,1991,32000.00
Spain,ESP,1992,33000.00
Spain,ESP,1993,23000.00
Spain,ESP,1994,23000.00
Spain,ESP,1995,20000.00
Spain,ESP,1996,21000.00
Spain,ESP,1997,22000.00
Spain,ESP,1998,22000.00
Spain,ESP,1999,22000.00
Spain,ESP,2000,25000.00
Spain,ESP,2001,28448.27
Spain,ESP,2002,19274.00
Spain,ESP,2003,23387.00
Spain,ESP,2004,20585.00
Spain,ESP,2005,20154.00
Spain,ESP,2006,21304.00
Spain,ESP,2007,24320.00
Spain,ESP,2008,25457.00
Spain,ESP,2009,26000.00
Spain,ESP,2010,129375.00
Spain,ESP,2011,149317.00
Spain,ESP,2012,173666.00
Spain,ESP,2013,156883.80
Spain,ESP,2014,158549.00
Spain,ESP,2015,170659.50
Spain,ESP,2016,191720.70
Spain,ESP,2017,197886.69
Spain,ESP,2018,210410.00
Spain,ESP,2019,212790.00
Spain,ESP,2020,225950.00
Spain,ESP,2021,224840.00
Sweden,SWE,1961,690.00
Sweden,SWE,1962,920.00
Sweden,SWE,1963,1150.00
Sweden,SWE,1964,1340.00
Sweden,SWE,1965,1380.00
Sweden,SWE,1966,1600.00
Sweden,SWE,1967,1600.00
Sweden,SWE,1968,1600.00
Sweden,SWE,1969,1800.00
Sweden,SWE,1970,1900.00
Sweden,SWE,1971,1500.00
Sweden,SWE,1972,1500.00
Sweden,SWE,1973,1400.00
Sweden,SWE,1974,1600.00
Sweden,SWE,1975,1800.00
Sweden,SWE,1976,1500.00
Sweden,SWE,1977,1300.00
Sweden,SWE,1978,1500.00
Sweden,SWE,1979,1600.00
Sweden,SWE,1980,1800.00
Sweden,SWE,1981,1500.00
Sweden,SWE,1982,1500.00
Sweden,SWE,1983,1700.00
Sweden,SWE,1984,1200.00
Sweden,SWE,1985,1400.00
Sweden,SWE,1986,1400.00
Sweden,SWE,1987,2200.00
Sweden,SWE,1988,2529.00
Sweden,SWE,1989,2154.00
Sweden,SWE,1990,2113.00
Sweden,SWE,1991,1890.00
Sweden,SWE,1992,1954.00
Sweden,SWE,1993,2051.00
Sweden,SWE,1994,2180.00
Sweden,SWE,1995,2250.00
Sweden,SWE,1996,2300.00
Sweden,SWE,1997,2450.00
Sweden,SWE,1998,2400.00
Sweden,SWE,1999,2450.00
Sweden,SWE,2000,2470.00
Sweden,SWE,2001,2600.00
Sweden,SWE,2002,2900.00
Sweden,SWE,2003,3250.00
Sweden,SWE,2004,3300.00
Sweden,SWE,2005,3280.00
Sweden,SWE,2006,2840.00
Sweden,SWE,2007,2490.00
Sweden,SWE,2008,2730.00
Sweden,SWE,2009,2760.00
Sweden,SWE,2010,3190.00
Sweden,SWE,2011,3710.00
Sweden,SWE,2012,3010.00
Sweden,SWE,2013,2920.00
Sweden,SWE,2014,3350.00
Sweden,SWE,2015,3690.00
Sweden,SWE,2016,4170.00
Sweden,SWE,2017,4290.00
Sweden,SWE,2018,4240.00
Sweden,SWE,2019,4560.00
Sweden,SWE,2020,4680.00
Sweden,SWE,2021,4650.00
Switzerland,CHE,1990,1803.00
Switzerland,CHE,1991,2351.00
Switzerland,CHE,1992,3004.00
Switzerland,CHE,1993,2674.00
Switzerland,CHE,1994,2854.00
Switzerland,CHE,1995,3171.00
Switzerland,CHE,1996,3191.00
Switzerland,CHE,1997,3096.00
Switzerland,CHE,1998,3858.00
Switzerland,CHE,1999,3538.00
Switzerland,CHE,2000,3390.00
Switzerland,CHE,2001,3046.00
Switzerland,CHE,2002,3162.00
Switzerland,CHE,2003,3126.00
Switzerland,CHE,2004,3383.00
Switzerland,CHE,2005,3499.00
Switzerland,CHE,2006,3358.00
Switzerland,CHE,2007,2030.00
Switzerland,CHE,2008,1427.00
Switzerland,CHE,2009,1388.00
Switzerland,CHE,2010,1452.00
Switzerland,CHE,2011,1476.00
Switzerland,CHE,2012,1412.00
Switzerland,CHE,2013,1497.00
Switzerland,CHE,2014,1484.00
Switzerland,CHE,2015,1607.00
Switzerland,CHE,2016,1812.00
Switzerland,CHE,2017,1943.00
Switzerland,CHE,2018,1932.00
Switzerland,CHE,2019,2116.00
Switzerland,CHE,2020,2127.00
Switzerland,CHE,2021,2203.00
Syria,SYR,1961,850.00
Syria,SYR,1962,850.00
Syria,SYR,1963,900.00
Syria,SYR,1964,1000.00
Syria,SYR,1965,950.00
Syria,SYR,1966,1050.00
Syria,SYR,1967,1150.00
Syria,SYR,1968,1050.00
Syria,SYR,1969,1050.00
Syria,SYR,1970,1100.00
Syria,SYR,1971,1100.00
Syria,SYR,1972,1000.00
Syria,SYR,1973,1050.00
Syria,SYR,1974,1300.00
Syria,SYR,1975,1500.00
Syria,SYR,1976,1500.00
Syria,SYR,1977,1500.00
Syria,SYR,1978,1500.00
Syria,SYR,1979,1450.00
Syria,SYR,1980,1400.00
Syria,SYR,1981,1400.00
Syria,SYR,1982,1400.00
Syria,SYR,1983,1250.00
Syria,SYR,1984,1100.00
Syria,SYR,1985,950.00
Syria,SYR,1986,900.00
Syria,SYR,1987,900.00
Syria,SYR,1988,900.00
Syria,SYR,1989,1050.00
Syria,SYR,1990,1050.00
Syria,SYR,1991,1000.00
Syria,SYR,1992,1000.00
Syria,SYR,1993,1000.00
Syria,SYR,1994,1250.00
Syria,SYR,1995,1250.00
Syria,SYR,1996,1150.00
Syria,SYR,1997,1050.00
Syria,SYR,1998,950.00
Syria,SYR,1999,950.00
Syria,SYR,2000,900.00
Syria,SYR,2001,850.00
Syria,SYR,2002,850.00
Syria,SYR,2003,850.00
Syria,SYR,2004,850.00
Syria,SYR,2005,750.00
Syria,SYR,2006,750.00
Syria,SYR,2007,800.00
Syria,SYR,2008,1000.00
Syria,SYR,2009,745.00
Syria,SYR,2010,235.00
Syria,SYR,2011,197.00
Syria,SYR,2012,197.00
Syria,SYR,2013,197.00
Syria,SYR,2014,192.28
Syria,SYR,2015,167.13
Syria,SYR,2016,185.46
Syria,SYR,2017,157.02
Syria,SYR,2018,159.97
Syria,SYR,2019,146.23
Syria,SYR,2020,142.30
Syria,SYR,2021,136.41
Tunisia,TUN,1984,638.00
Tunisia,TUN,1985,1276.00
Tunisia,TUN,1986,2088.00
Tunisia,TUN,1987,2987.00
Tunisia,TUN,1988,3364.00
Tunisia,TUN,1989,6380.00
Tunisia,TUN,1990,5394.00
Tunisia,TUN,1991,5220.00
Tunisia,TUN,1992,13340.00
Tunisia,TUN,1993,16240.00
Tunisia,TUN,1994,17400.00
Tunisia,TUN,1995,15660.00
Tunisia,TUN,1996,17690.00
Tunisia,TUN,1997,21460.00
Tunisia,TUN,1998,21170.00
Tunisia,TUN,1999,23200.00
Tunisia,TUN,2000,29870.00
Tunisia,TUN,2001,31030.00
Tunisia,TUN,2002,28420.00
Tunisia,TUN,2003,29000.00
Tunisia,TUN,2004,29000.00
Tunisia,TUN,2005,31500.00
Tunisia,TUN,2006,27200.00
Tunisia,TUN,2007,38600.00
Tunisia,TUN,2008,38600.00
Tunisia,TUN,2009,40600.00
Tunisia,TUN,2010,47800.00
Tunisia,TUN,2011,42000.00
Tunisia,TUN,2012,60600.00
Tunisia,TUN,2013,63800.00
Tunisia,TUN,2014,70900.00
Tunisia,TUN,2015,69600.00
Tunisia,TUN,2016,73500.00
Tunisia,TUN,2017,79025.03
Tunisia,TUN,2018,82599.87
Tunisia,TUN,2019,82347.79
Tunisia,TUN,2020,85499.71
Tunisia,TUN,2021,88700.28
Turkey,TUR,1961,3360.00
Turkey,TUR,1962,3380.00
Turkey,TUR,1963,3440.00
Turkey,TUR,1964,3420.00
Turkey,TUR,1965,3340.00
Turkey,TUR,1966,3500.00
Turkey,TUR,1967,3600.00
Turkey,TUR,1968,3560.00
Turkey,TUR,1969,3920.00
Turkey,TUR,1970,4660.00
Turkey,TUR,1971,4360.00
Turkey,TUR,1972,4580.00
Turkey,TUR,1973,4340.00
Turkey,TUR,1974,5160.00
Turkey,TUR,1975,5400.00
Turkey,TUR,1976,5400.00
Turkey,TUR,1977,5980.00
Turkey,TUR,1978,6080.00
Turkey,TUR,1979,6000.00
Turkey,TUR,1980,6500.00
Turkey,TUR,1981,6480.00
Turkey,TUR,1982,6680.00
Turkey,TUR,1983,7060.00
Turkey,TUR,1984,7280.00
Turkey,TUR,1985,7900.00
Turkey,TUR,1986,8620.00
Turkey,TUR,1987,8340.00
Turkey,TUR,1988,7960.00
Turkey,TUR,1989,8620.00
Turkey,TUR,1990,9000.00
Turkey,TUR,1991,9380.00
Turkey,TUR,1992,9720.00
Turkey,TUR,1993,10340.00
Turkey,TUR,1994,10360.00
Turkey,TUR,1995,10680.00
Turkey,TUR,1996,1027.00
Turkey,TUR,1997,376.00
Turkey,TUR,1998,702.00
Turkey,TUR,1999,12744.00
Turkey,TUR,2000,19274.00
Turkey,TUR,2001,15125.00
Turkey,TUR,2002,30401.00
Turkey,TUR,2003,32801.00
Turkey,TUR,2004,37623.00
Turkey,TUR,2005,42709.00
Turkey,TUR,2006,17062.00
Turkey,TUR,2007,31467.00
Turkey,TUR,2008,35451.00
Turkey,TUR,2009,30242.00
Turkey,TUR,2010,31965.00
Turkey,TUR,2011,36331.00
Turkey,TUR,2012,41931.00
Turkey,TUR,2013,39627.00
Turkey,TUR,2014,48662.00
Turkey,TUR,2015,52722.00
Turkey,TUR,2016,46501.00
Turkey,TUR,2017,52362.56
Turkey,TUR,2018,69535.56
Turkey,TUR,2019,59639.54
Turkey,TUR,2020,58212.44
Turkey,TUR,2021,51300.88
Ukraine,UKR,1992,32831.55
Ukraine,UKR,1993,29590.77
Ukraine,UKR,1994,28883.25
Ukraine,UKR,1995,26429.33
Ukraine,UKR,1996,25500.78
Ukraine,UKR,1997,25706.87
Ukraine,UKR,1998,25623.54
Ukraine,UKR,1999,27641.75
Ukraine,UKR,2000,27915.84
Ukraine,UKR,2001,28503.90
Ukraine,UKR,2002,29999.94
Ukraine,UKR,2003,32022.08
Ukraine,UKR,2004,30619.21
Ukraine,UKR,2005,31810.44
Ukraine,UKR,2006,25066.59
Ukraine,UKR,2007,30216.25
Ukraine,UKR,2008,14514.00
Ukraine,UKR,2009,17213.19
Ukraine,UKR,2010,15574.71
Ukraine,UKR,2011,17785.28
Ukraine,UKR,2012,17952.58
Ukraine,UKR,2013,19863.93
Ukraine,UKR,2014,24103.11
Ukraine,UKR,2015,27401.31
Ukraine,UKR,2016,24299.19
Ukraine,UKR,2017,26441.84
Ukraine,UKR,2018,26920.00
Ukraine,UKR,2019,29500.00
Ukraine,UKR,2020,30200.00
Ukraine,UKR,2021,31400.00
United States,USA,1961,678207.00
United States,USA,1962,586945.00
United States,USA,1963,612800.00
United States,USA,1964,659220.00
United States,USA,1965,687189.00
United States,USA,1966,759335.00
United States,USA,1967,847991.00
United States,USA,1968,730733.00
United States,USA,1969,728465.00
United States,USA,1970,784044.00
United States,USA,1971,803922.00
United States,USA,1972,865982.00
United States,USA,1973,865500.00
United States,USA,1974,857300.00
United States,USA,1975,796000.00
United States,USA,1976,914000.00
United States,USA,1977,882700.00
United States,USA,1978,908500.00
United States,USA,1979,998500.00
United States,USA,1980,1075000.00
United States,USA,1981,1150000.00
United States,USA,1982,1121300.00
United States,USA,1983,1174800.00
United States,USA,1984,1179800.00
United States,USA,1985,1277800.00
United States,USA,1986,1431000.00
United States,USA,1987,1679000.00
United States,USA,1988,1759500.00
United States,USA,1989,1876000.00
United States,USA,1990,2047500.00
United States,USA,1991,2110074.00
United States,USA,1992,2190370.00
United States,USA,1993,2198860.00
United States,USA,1994,2264435.00
United States,USA,1995,2326392.00
United States,USA,1996,2479162.00
United States,USA,1997,2484740.00
United States,USA,1998,2395237.00
United States,USA,1999,2402459.00
United States,USA,2000,2450391.00
United States,USA,2001,2522745.00
United States,USA,2002,2591252.00
United States,USA,2003,2562959.00
United States,USA,2004,2473890.00
United States,USA,2005,2496714.00
United States,USA,2006,2577194.00
United States,USA,2007,2699234.00
United States,USA,2008,2833680.00
United States,USA,2009,2568881.00
United States,USA,2010,2560208.00
United States,USA,2011,2626527.00
United States,USA,2012,2706704.00
United States,USA,2013,2633348.00
United States,USA,2014,2610710.00
United States,USA,2015,2552230.79
United States,USA,2016,2713009.62
United States,USA,2017,2712747.00
United States,USA,2018,2666260.00
United States,USA,2019,2644347.73
United States,USA,2020,2610548.18
United States,USA,2021,2526579.55
Uruguay,URY,1961,367.29
Uruguay,URY,1962,330.00
Uruguay,URY,1963,300.00
Uruguay,URY,1964,270.00
Uruguay,URY,1965,240.00
Uruguay,URY,1966,222.51
Uruguay,URY,1967,201.00
Uruguay,URY,1968,210.00
Uruguay,URY,1969,240.00
Uruguay,URY,1970,276.30
Uruguay,URY,1971,270.00
Uruguay,URY,1972,255.00
Uruguay,URY,1973,264.00
Uruguay,URY,1974,270.00
Uruguay,URY,1975,276.00
Uruguay,URY,1976,282.00
Uruguay,URY,1977,282.00
Uruguay,URY,1978,288.00
Uruguay,URY,1979,294.00
Uruguay,URY,1980,294.00
Uruguay,URY,1981,300.00
Uruguay,URY,1982,300.00
Uruguay,URY,1983,300.00
Uruguay,URY,1984,300.00
Uruguay,URY,1985,300.00
Uruguay,URY,1986,315.00
Uruguay,URY,1987,315.00
Uruguay,URY,1988,330.00
Uruguay,URY,1989,330.00
Uruguay,URY,1990,330.00
Uzbekistan,UZB,2001,0.00
Uzbekistan,UZB,2002,0.00
Uzbekistan,UZB,2003,0.00
Uzbekistan,UZB,2004,0.00
Uzbekistan,UZB,2005,0.00
Uzbekistan,UZB,2006,0.00
Uzbekistan,UZB,2007,0.00
Uzbekistan,UZB,2008,0.00
Uzbekistan,UZB,2009,0.00
Uzbekistan,UZB,2010,0.00
Uzbekistan,UZB,2011,0.00
Uzbekistan,UZB,2012,0.00
Uzbekistan,UZB,2013,0.00
Uzbekistan,UZB,2014,0.00
Uzbekistan,UZB,2015,0.00
Uzbekistan,UZB,2016,0.00
Uzbekistan,UZB,2017,0.00
Uzbekistan,UZB,2018,0.00
Uzbekistan,UZB,2019,0.00
Uzbekistan,UZB,2020,0.00
Uzbekistan,UZB,2021,0.00
Zimbabwe,ZWE,1961,52.00
Zimbabwe,ZWE,1962,52.00
Zimbabwe,ZWE,1963,52.00
Zimbabwe,ZWE,1964,52.00
Zimbabwe,ZWE,1965,52.00
Zimbabwe,ZWE,1966,52.00
Zimbabwe,ZWE,1967,56.00
Zimbabwe,ZWE,1968,56.00
Zimbabwe,ZWE,1969,60.16
Zimbabwe,ZWE,1970,60.00
Zimbabwe,ZWE,1971,56.00
Zimbabwe,ZWE,1972,52.00
Zimbabwe,ZWE,1973,52.00
Zimbabwe,ZWE,1974,42.36
Zimbabwe,ZWE,1975,60.32
Zimbabwe,ZWE,1976,30.92
Zimbabwe,ZWE,1977,14.24
Zimbabwe,ZWE,1978,23.00
Zimbabwe,ZWE,1979,24.00
Zimbabwe,ZWE,1980,26.00
Zimbabwe,ZWE,1981,28.00
Zimbabwe,ZWE,1982,28.40
Zimbabwe,ZWE,1983,32.00
Zimbabwe,ZWE,1984,32.00
Zimbabwe,ZWE,1985,32.00
Zimbabwe,ZWE,1986,24.00
Zimbabwe,ZWE,1987,32.00
Zimbabwe,ZWE,1988,40.00
Zimbabwe,ZWE,1989,56.00
Zimbabwe,ZWE,1990,56.00
Zimbabwe,ZWE,1991,64.00
Zimbabwe,ZWE,1992,52.00
Zimbabwe,ZWE,1993,64.00
Zimbabwe,ZWE,1994,72.00
Zimbabwe,ZWE,1995,72.00
Zimbabwe,ZWE,1996,64.00
Zimbabwe,ZWE,1997,68.00
Zimbabwe,ZWE,1998,76.00
Zimbabwe,ZWE,1999,80.00
Zimbabwe,ZWE,2000,84.00
Zimbabwe,ZWE,2001,88.00
Zimbabwe,ZWE,2002,88.00
Zimbabwe,ZWE,2003,96.00
Zimbabwe,ZWE,2004,96.00
Zimbabwe,ZWE,2005,100.00
Zimbabwe,ZWE,2006,104.00
Zimbabwe,ZWE,2007,104.00
Zimbabwe,ZWE,2008,108.00
Zimbabwe,ZWE,2009,108.00
Zimbabwe,ZWE,2010,108.00
Zimbabwe,ZWE,2011,108.00
Zimbabwe,ZWE,2012,108.00
Zimbabwe,ZWE,2013,108.00
Zimbabwe,ZWE,2014,112.50
Zimbabwe,ZWE,2015,116.34
Zimbabwe,ZWE,2016,117.97
Zimbabwe,ZWE,2017,122.81
Zimbabwe,ZWE,2018,125.02
Zimbabwe,ZWE,2019,126.13
Zimbabwe,ZWE,2020,128.04
Zimbabwe,ZWE,2021,130.02
